,TESSMAG,Ks,transit_depth,planetPeriod,RADIUS,TEFF
2717,5.6409998,5.4569998,201.09055172641197,4.312093285025568,2.1858499,10300.7
3146,9.013999900000002,8.0369997,811.0986405278376,3.451432366493434,1.1670200000000002,5655.0
3256,9.0190001,6.978000200000001,2718.345478761637,6.476319661907469,0.56400001,3863.0
3436,8.7419996,7.923999799999999,380.4163857866809,6.590007578456715,1.61499,6105.0
4066,6.3410001,6.1760000999999995,162.78412697612788,6.286271162883883,1.80013,9525.46
4186,5.7290000999999995,5.3140000999999994,84.28201917970956,4.467238050331432,2.3567400000000003,7413.0
4295,10.21,8.602999699999998,292.8155718815085,3.062751833903872,0.81173199,4549.0
4296,10.21,8.602999699999998,579.9110474884795,10.800750982717792,0.81173199,4549.0
4514,9.967,8.880999599999997,733.2396527433463,2.5187014171467443,1.15354,5465.0
4720,9.8149996,8.7349997,1568.1727626983252,6.308867541641628,0.96820998,5567.0
4742,9.7110004,8.887000099999998,896.3939248212711,4.381996698391371,1.0979299999999999,6515.0
4771,9.1660004,8.277999900000001,3091.277544439637,3.5822904333036236,1.11958,5704.0
4864,9.4729996,8.3920002,128.1471856160897,2.7172894868808486,0.98003,5375.0
4865,9.4729996,8.3920002,1292.7590263051202,5.7936488639594845,0.98003,5375.0
4905,10.033999999999999,8.4049997,297.29438646852225,9.007488224375793,0.72142798,4418.0
4909,9.916999800000001,8.786999699999999,1247.6196372074592,6.657835039015351,0.98752898,5395.0
5271,9.666999800000001,8.9359999,625.6274559984843,9.835467203708417,1.36026,6269.0
5283,9.967,9.005999599999997,1112.11778644763,8.3457066858954,1.11542,5733.0
5356,9.963000300000001,8.704000500000001,388.40698023577596,42.12440542743281,0.931844,5243.0
5500,10.946,9.8319998,1764.2520365342014,2.4829632784481497,0.852,5311.0
5524,10.19,9.246999699999998,1388.0388048265424,6.718245661589598,1.09657,6003.0
5680,10.191,9.1820002,615.1913504955633,6.983016242489433,1.08085,5642.0
5681,10.191,9.1820002,18004.204491796,4.350178977845413,1.08085,5642.0
5777,9.8140001,8.7580004,430.9263883943989,8.308272124325228,1.08538,5654.0
5817,10.568,9.602000199999999,268.71883410667044,18.626859441372527,1.17387,5950.0
6149,10.154,8.921999900000003,271.6160287748906,8.79245331647176,0.92133701,5213.0
6275,10.907,9.803000500000001,2112.9292533364223,3.7168258028428975,0.82235497,5377.0
6282,11.081,9.5860004,1532.8540565259345,3.861840072052372,0.77394003,4775.0
6335,10.437000000000001,9.5839996,1196.2368896831692,9.945107244141784,1.02654,6011.0
6511,10.366,8.9829998,1688.0095539456265,4.687863851995767,0.81846601,4871.0
6805,10.459000000000001,9.548000300000002,397.08867476861366,2.3793679999736317,1.22252,5990.0
7107,10.627,8.411000300000001,2071.397171092813,6.364245503994996,0.40599999,3535.0
7346,12.218,10.21,1749.1936950742581,13.499084858127251,0.69358301,4258.0
7408,10.71,8.423000300000002,1197.5877776949546,8.825442379270267,0.38100001,3487.0
7749,11.514000000000001,9.3149996,2237.988472897511,9.820930617553481,0.38600001,3497.0
8077,11.189,9.7930002,1246.0313529717564,30.771418729788977,0.91036701,5181.0
8443,11.337,9.687999699999999,793.6288673638312,3.1051806529874613,0.727036,4449.0
9126,14.950999999999999,12.436,11144.06577902265,5.202252298914824,0.244,3210.0
9640,12.67,9.9569998,6773.470664396689,23.49657605999898,0.28799999,3306.0
10823,12.54,10.445,3844.811670152005,8.845881044989335,0.51099998,3737.0
11331,13.136,10.58,8489.644674030846,6.003618849853959,0.330367,3266.0
11333,13.136,10.58,3319.368273272509,6.1431044276208375,0.330367,3266.0
12483,14.207,11.540999999999999,11721.847830711824,2.3426177621097817,0.301404,3212.0
13560,13.478,11.155,6475.969495214267,16.703823039588553,0.35499999,3438.0
14032,13.047,10.922,5681.422697462397,2.1794254455871838,0.46200001,3641.0
14241,12.822000000000001,10.177,13510.381078721013,6.831721606033192,0.19400001,3085.0
14242,12.822000000000001,10.177,25787.70654212457,8.554985209432825,0.19400001,3085.0
14700,13.434000000000001,11.133,5682.75448195696,6.686967016365624,0.37200001,3470.0
15040,13.368,10.860999999999999,4022.174672262166,3.140863906640495,0.35700101,3314.0
16822,8.7349997,7.685999900000001,307.81021519073425,5.758069833866558,1.30674,6164.0
17004,9.302,8.2729998,671.3817589780888,6.160043901170104,1.0846200000000001,5652.0
17399,11.946,9.3450003,2102.449327761616,26.877243856362234,0.30455101,3218.0
18550,14.630999999999998,12.077,12220.248850975713,2.98689037971901,0.25600001,3236.0
20736,11.360999999999999,10.463,1839.4518880521728,5.991997224214543,0.71587598,6137.0
20753,10.259,9.380000099999998,634.6408953599419,4.288452260516461,1.30328,6168.0
20865,10.466,9.345999699999998,942.5116676219252,7.348395216290103,0.93909699,5451.0
20882,10.652999999999999,9.717,2395.8807691369875,23.75227088390788,1.07681,6216.0
20908,10.754000000000001,9.8339996,842.9143703297957,19.33406298388241,0.95818901,6287.0
20962,10.466,9.395999900000001,373.1020664716186,2.2551496979936583,0.77256697,5529.0
21238,9.998000099999999,9.187999699999999,980.380962110885,3.4435031494819195,1.14792,6287.0
21342,11.165999999999999,10.365,1146.65152329364,5.432442120312926,0.95859498,6448.5
21656,9.3179998,8.385999700000001,555.0602632954009,10.78351090765095,1.4880000000000002,6371.0
21667,9.758999800000002,8.6700001,299.23676495245047,4.2698791311364195,1.0079200000000001,5449.0
21781,9.272999800000001,8.302,785.529320739933,2.188079245479524,1.08236,5646.0
21783,9.272999800000001,8.302,732.1940708561847,10.496277782229887,1.08236,5646.0
21971,9.1099997,8.260999700000001,250.5968499378379,11.35960507277366,0.9333299999999999,5984.0
22013,8.948,8.073,1019.5923738226841,7.3298180958775285,0.98416603,5858.0
22340,7.500999900000001,6.598,314.1874634474015,10.447874579484973,1.57735,5872.2402
22341,7.500999900000001,6.598,95.06644282801456,7.221178463250253,1.57735,5872.2402
22359,6.992999999999999,6.3020000000000005,326.7340583184518,24.752410296865087,1.4724700000000002,6381.5898
22573,10.770999999999999,9.8109999,56354.80173596997,1.5537265290261268,0.80226499,6000.7002
23203,10.118,8.989999800000003,352.0794690723477,2.576869819296606,1.11966,5744.0
23457,8.4180002,7.709000099999999,454.8725558728427,12.158346885342427,1.47619,6496.0
23886,11.082,9.453000099999999,2376.8514673192544,2.708219437552405,0.74975902,4568.0
23887,11.082,9.453000099999999,1389.6947660592548,12.578950222887167,0.74975902,4568.0
24530,13.114,10.822000000000001,4009.697397250271,4.644729574852024,0.33799999999999997,3405.0
24664,13.573,11.107999999999999,6014.920093779845,4.330704306039337,0.30000001,3329.0
24873,12.466,10.183,4344.273071248288,9.463863472071088,0.39199999,3508.0
25002,12.731,10.415,7797.780419932735,11.607818191991168,0.34,3409.0
25442,13.898,11.562000000000001,8187.938320392736,5.656655732100305,0.34299999,3414.0
25649,13.19,10.88,5811.795546219704,4.791189193976843,0.27000001,3267.0
25818,11.53,9.465000199999999,5225.81439654491,10.983322454920582,0.43099999,3581.0
26412,13.963,11.417,8803.363503429677,8.43527604998018,0.32872501,3263.0
27449,9.819999699999999,8.661999699999999,623.2145930000156,3.1231975440429705,0.88678199,5522.0
27535,10.24,9.156000099999998,505.531038825086,2.1323466616715483,1.00545,5477.0
27707,7.4929999999999986,6.3439999,825.5579911824037,8.310830955705066,0.82966501,5367.8398
27829,9.352999699999998,8.244999900000002,765.8723884940393,8.425462709453019,1.2227299999999999,5498.0
28517,8.744000400000001,8.2049999,494.763029810243,10.771685712481418,1.4169,7101.0
28564,9.4130001,8.263999900000002,1031.344414974269,4.237270421862267,0.84586298,5361.0
28638,8.1070004,7.3020000000000005,386.06228500215434,11.452324963873188,1.5983399999999999,6154.0
28669,8.5930004,7.6599998,108.36073594767281,30.68766885587452,1.0383101000000001,5847.0
28724,10.9,9.991000199999998,1123.1225935134887,8.410343612059883,0.93834603,5925.0
28879,9.963999699999999,8.970999699999998,354.72440808565443,1.546174126083948,0.93153298,5622.0
29023,10.526,9.713999699999999,243.0133108099056,1.3917115016231365,1.17374,6359.0
29063,10.163,9.217,17693.217560446963,6.537625391100915,1.0850899999999999,5894.0
29216,10.067,9.161999699999999,1072.503157310314,8.767420301918094,1.0611899999999999,5931.0
29241,10.284,9.364999800000001,4960.98959684169,4.601423883447047,1.0828201000000002,5864.0
29341,10.295,9.281000099999998,764.2805890592041,6.307202514522776,0.87227601,5703.0
29368,10.597999999999999,9.5640001,1212.3465934191577,7.501438802021028,1.0201400999999999,6470.0
31085,10.784,9.246999699999998,1064.8331900299618,8.889561678203489,0.51345301,4683.5498
31170,9.661000300000001,8.599,1222.5321546562302,7.8155385837410485,1.0308,5498.0
31388,10.357000000000001,8.9960003,21158.47839833875,14.564226298856289,0.85481501,5004.0
31439,10.460999999999999,9.501999900000001,215.1908432791917,18.674302675106816,1.1396101,5795.0
32063,7.808000099999999,5.8720002000000004,715.2940680083939,5.31709788446203,0.72399998,3936.0
32109,6.5139999,5.492000099999999,798.7328681458304,7.6224814085551165,1.2595201,5489.0
32164,7.571000099999999,7.195000200000001,414.34583482742136,9.325941442767633,1.64367,9268.0
32461,8.2919998,7.354000099999999,190.5799079758591,3.174724220941901,1.01685,5800.0
33102,9.6920004,8.718999900000002,7944.580114829795,5.878346020870175,1.20336,5472.7998
33103,9.882,8.840000199999997,811.3812217910893,4.874233422735442,1.06627,5410.0
33303,9.75,8.4799995,1572.1036989661584,8.044060413359677,0.91562998,5376.0
33519,8.7329998,7.816999900000001,332.7639630422617,21.64356870287088,1.4244,5959.0
33520,8.7329998,7.816999900000001,283.43099468227786,14.097281665975794,1.4244,5959.0
33553,9.420999499999999,7.4520000999999985,2379.257786369179,6.6502993824588605,0.66278303,4549.0
33600,8.173999799999999,7.230999900000001,276.37217050036753,5.82582592648872,1.06378,5813.0
33696,8.078000099999999,7.250999900000001,297.98233786037275,10.242847847439023,1.03635,6292.0
33762,8.5950003,7.461999900000001,196.616585781384,2.0017699015921337,0.81563997,5362.0
33796,8.7609997,8.1049995,399.3993652157427,8.961896078720773,1.38762,7111.0
34188,10.895999999999999,9.7309999,634.7770910656934,3.92084198170528,0.81308597,5469.0
34326,10.388,9.3570004,816.0022602664598,4.6840122195967,0.834786,5733.0
34771,7.735000099999999,6.888999900000001,113.71898080918879,2.7106792974622804,1.3259701000000002,6202.0
34804,8.0229998,7.434,370.384325961837,11.957879801540846,1.5754499,6707.0
34830,7.683000099999999,7.0110002000000025,367.7788123341866,5.2798231004713765,1.4781801,6500.0
34839,8.7299995,7.905000200000001,170.7297923588669,8.628676337036778,1.2482799999999998,6045.0
34868,7.822999999999999,7.191999900000001,448.2077596756768,6.211579964323392,1.53895,6626.0
34919,8.7539997,7.928,546.9926232272596,5.598685143408053,1.25499,6059.0
35494,10.829,8.5979996,3032.967901975438,7.486127058948173,0.54000002,3795.0
35965,11.026,8.9829998,103722.13627614647,11.497051370315779,0.514,3742.0
35991,11.835,9.8000002,2998.836427645734,11.315033915723502,0.51099998,3737.0
36418,12.802,10.661,4471.809579937235,3.207759569870998,0.5,3715.0
38109,13.43,10.786,7005.150924214816,4.007993509963504,0.26976299,3149.0
39707,15.305,12.674000000000001,22289.61561644855,4.663222008990758,0.20900001,3126.0
42248,4.2160001,3.3710001000000003,63.092417048138905,9.944407813583007,1.11264,6153.02
42249,4.2160001,3.3710001000000003,212.38166057136522,8.058826304817003,1.11264,6153.02
42397,7.2600002,6.4270000000000005,1569.8648603775378,4.530670581679484,1.3068,6151.0
42624,4.6620002000000005,4.3130002,279.61723217592237,68.99149372018479,1.55524,7493.0
42625,4.6620002000000005,4.3130002,545.5096513199337,26.992626089354978,1.55524,7493.0
42665,9.342,8.375,70.51370231083766,0.942256744683002,1.46232,5713.0
42785,9.215000199999999,8.1569996,931.1666083387113,9.835750923564088,0.95261502,5612.0
43173,6.660999799999999,5.9239998,39.77924106201858,5.410295580319909,1.70314,6562.0
43730,9.4429998,8.458000199999999,703.1940171777347,6.2378075315125425,1.21224,5692.0
43757,8.803000500000003,8.1630001,164.43788473952958,4.22464191891605,1.59161,6633.0
43926,10.827,9.873000099999999,732.4301990484603,3.523220670273409,0.87415999,6194.0
43978,11.13,10.214,8694.244838173368,4.448919631640737,0.96218902,5904.0
44056,10.139,8.9510002,379.1280579795095,2.6614091296185607,0.81431401,5687.0
44083,9.812000300000001,9.0190001,186.26666537353069,17.47922618542741,1.1011799999999998,6161.0
44290,10.856,9.828000099999999,282.23968586689625,5.9015069074023785,0.90089899,5494.0
44538,10.017999999999999,8.762000099999998,824.9834866537585,6.199405213826967,0.90364802,5161.0
44634,9.703000099999999,8.5340004,28129.94965904169,16.879602253038446,0.77578002,4692.0
44666,9.7510004,8.0380001,1092.7903405225218,15.91528735909926,0.73034799,4467.0
44848,9.385000199999999,7.366000200000001,1111.7664494742994,0.9650258826400993,0.62692797,3935.0
44900,9.3559999,8.737999900000002,4077.27477028288,40.94763825713717,1.57063,6696.0
44902,9.3559999,8.737999900000002,123.07234585559144,38.220093512492646,1.57063,6696.0
45101,9.3070002,8.3360004,387.8604523018065,3.2205858176989164,1.23318,6013.0
45187,9.364999800000001,8.5190001,223.05174129378258,4.291728395827201,1.19212,5922.0
45383,10.579,9.253000300000002,11359.014118774598,2.4633959335923112,0.9849,5388.0
46135,11.244000000000002,8.908,926.8196003174146,7.601566157660968,0.49315599,3567.0
46136,11.244000000000002,8.908,876.9127086592216,8.27822350405934,0.49315599,3567.0
46269,13.325999999999999,10.212,5192.988023127134,5.482435301416042,0.165838,2883.0
47209,13.324000000000002,10.8,8882.63097748877,6.363787755683224,0.264,3255.0
47401,12.002,9.510000199999999,2778.6169882332288,2.3344587124275136,0.27500001,3277.0
47822,12.632,10.312999999999999,6361.277652530508,7.7043335457125215,0.37599999,3478.0
48180,12.904000000000002,10.716,4998.427048087221,8.983082317561262,0.36399999,3454.0
48227,12.935,10.523,3385.703737819047,6.029038006514796,0.324,3377.0
48627,11.585999999999999,9.321999499999999,3368.580876363371,3.5126914721744398,0.391,3507.0
49146,11.369000000000002,9.5579996,1870.0663924045136,9.682101723024608,0.69757497,4281.0
49163,10.927999999999999,9.5380001,1405.4224149384054,10.765293390489374,0.82497603,4896.0
49517,13.764000000000001,11.128,5559.059886614301,3.82864045643504,0.29723999,3204.0
49644,9.0950003,7.765999799999999,362.1777279918633,8.593558506377011,0.87457401,4968.0
49812,10.615,9.656000099999998,699.313422343702,21.647483803481048,0.82787901,5894.0
49987,11.515,9.2989998,1544.7036469875236,3.3639174291019307,0.45899999,3636.0
50290,13.462,11.073,4356.153208939179,3.6040469461225086,0.30000001,3330.0
52712,12.775,10.432,3784.492028315984,6.839647436319934,0.37,3467.0
54206,9.4680004,8.4870005,538.9610936185234,65.36121707186135,1.06996,6169.0
54423,9.4420004,8.501999900000001,183.6316262337351,14.362949941179465,1.2654299999999998,6276.0
54572,9.421999900000001,8.406000099999998,501.5131457876128,2.3058627400793634,0.72459197,5630.0
54624,9.4499998,8.5710001,282.70171157685365,3.756873816242849,1.18135,5841.0
54898,9.6630001,8.812000300000003,695.1809843632457,23.753779256078797,1.13624,6048.0
54997,10.527000000000001,9.477999699999998,1431.8213277858679,14.255199219771226,0.90398401,5629.0
55083,10.124,9.137000099999998,683.9282960452161,4.320399863479508,0.98453599,5618.0
55101,11.155999999999999,10.175,499.1873328468042,15.443021540514307,0.97257298,5800.0
55102,11.155999999999999,10.175,295.4823009882265,5.023425297767111,0.97257298,5800.0
55221,10.362,9.303000500000001,535.4344853344252,0.8206780866918356,0.86990899,5676.0
55500,10.139,8.880000099999998,960.39709408464,3.5697219976464862,0.89183998,5125.0
55509,9.9589996,9.062999699999999,346.4567273540433,46.5221596645693,1.1873699,5911.0
55518,10.545,9.121999699999998,757.1381686347569,13.764803617090205,0.82471198,4895.0
55554,9.9919996,9.041999800000001,137.81138535341458,4.023482454701442,1.1435799999999998,5805.0
55555,9.9919996,9.041999800000001,266.03984270869097,35.79657155168224,1.1435799999999998,5805.0
55556,9.9919996,9.041999800000001,255.9820055115857,5.417092986051797,1.1435799999999998,5805.0
55627,9.109000199999999,7.839000200000001,239.60583814003783,3.2258478771428494,0.8804040000000001,5089.0
55641,9.112999900000002,8.6070004,1028.9547240746144,12.084928508290286,1.69651,7011.0
55642,9.112999900000002,8.6070004,170.1536357755412,11.059742493841037,1.69651,7011.0
55701,9.9139996,8.593999900000002,687.807152171832,2.680985126305937,0.88354403,5099.0
56215,6.612,6.0250001,98.44180598961887,2.973073256242974,1.5693001,6693.0
56259,8.8920002,8.3479996,40.84449151620946,0.9999974194986682,1.5754499,6707.0
56570,9.4359999,8.592,400.6049986624514,4.339895705237834,1.27148,6093.0
56727,9.015999800000001,7.494,360.9407244203823,6.621631409259921,0.71017802,4354.0
56754,9.9960003,8.1289997,2289.067805058812,5.619644205712099,0.68867302,4230.0
56838,10.595,9.5500002,177.947435368579,6.738928878454438,1.11889,5742.0
56839,10.595,9.5500002,833.7582689470697,19.298911977998923,1.11889,5742.0
56840,10.595,9.5500002,590.8332620419612,5.0428165692467735,1.11889,5742.0
56908,9.915,8.8260002,576.3274001835082,7.676445774412499,1.0842399999999999,5651.0
56909,10.377,8.803000500000003,4291.9403663031235,6.486681797082173,0.75439203,4591.0
56941,10.384,9.4160004,733.8712172423227,28.287563328357997,1.1274198999999998,5764.0
56952,9.8369999,9.078000099999999,166.8058078144001,13.089915247504067,1.33208,6214.0
56970,10.404000000000002,9.123000099999999,211.27430876767036,10.645507604482004,0.88894701,5116.0
57162,10.42,8.411000300000001,1976.1018726082048,7.165408843498223,0.59600002,3921.0
57212,9.677,7.480999900000001,1391.4825418943537,6.546977620932597,0.389,3502.0
57322,11.003,8.602000199999999,1488.990978929446,5.750870395478168,0.41038799,3409.0
57724,11.36,9.2930002,2551.711770598773,11.720876091037221,0.67486799,4154.0
58030,11.530999999999999,9.7609997,1728.3288340968838,4.599958176159406,0.72322398,4428.0
59767,13.302,10.876,2547.983474597779,1.2233012778124208,0.31799999,3365.0
59976,12.455,10.118,6502.4746990983585,5.8857820145788615,0.32499999,3379.0
60320,13.968,11.112,8622.391838283253,12.152486738527912,0.22408899999999998,3046.0
61729,12.940999999999999,10.511,1007.0571334132387,6.105668910413197,0.41983199,3426.0
61989,12.790999999999999,10.652999999999999,744.2103517604468,2.269368324463401,0.580751,3781.0
62424,9.54,8.2849998,431.1475028832345,8.520391346327536,0.87656403,5199.0
62653,9.9989996,8.6829996,731.5360054025682,5.440605602025046,0.902982,5159.0
62929,10.769,9.3940001,1823.2747587634567,10.793683952269456,0.81820899,4870.0
62943,11.421,9.4809999,2228.8196783679605,3.53048127170246,0.65200001,4077.0
62977,11.288,9.446999499999999,6119.221558877659,5.758025944632497,0.662,4481.0
63020,11.120999999999999,8.816,2210.2839882906187,8.018415403288019,0.38600001,3497.0
64461,13.67,11.175999999999998,8465.896974863032,8.344985699930604,0.29600000000000004,3322.0
64720,11.823,9.522999800000001,1953.5903934911844,5.097338936843531,0.37400001,3474.0
66920,11.507,9.829000500000001,1956.2894988564613,6.102977007706075,0.72358501,4430.0
67018,11.812000000000001,9.751999900000001,2583.6379619588397,5.887368344613807,0.55900002,3836.0
67291,12.512,10.046,5681.3466455729285,7.356060215951926,0.29300001,3315.0
67371,12.776,10.489,2777.8715743559096,3.4201753395476513,0.36199999,3452.0
69932,6.905000200000001,5.4959998,531.2711352148466,6.258736807651651,0.828951,4911.0
70007,10.343,9.012000099999998,879.3902603018776,2.9566787252896183,0.88322902,5098.0
70176,9.9359999,9.005999599999997,433.287750244094,4.480907127444316,1.1427798999999998,5803.0
70371,8.9440002,7.373000099999999,258.6274920115532,4.014474763006652,0.84390098,4902.0
70475,8.9460001,6.6999998,523.2460780764129,1.1006452082092801,0.45100001,3514.0
70526,6.875,6.4489999000000005,222.0087386314257,6.603653496482513,1.64714,7456.0
70576,6.6139997999999975,6.532000099999999,221.0555231953193,3.454610435783948,1.8456299999999999,9172.0
71058,10.255999999999998,8.274000200000001,3425.208312512577,3.8558480125887815,0.62,3983.0
72787,11.062000000000001,9.9180002,1389.7097384569427,12.402605410721609,0.87179899,5375.0
72834,11.032,9.897999800000001,4275.500792766989,9.177952963362603,0.83649898,5354.0
72860,11.105,10.008,52890.5287710387,4.4330100392970975,0.57156098,5591.0
73358,8.2790003,7.390999799999999,630.5446598844028,10.817359737000768,1.36903,6148.3101
73593,11.345,10.135,783.0231234779968,7.077348091118402,0.60650998,5229.0
73594,11.345,10.135,758.5148851433568,6.006349672793378,0.60650998,5229.0
73627,15.850999999999999,12.904000000000002,84822.36166004301,9.830458187151233,0.125,2766.0
75306,8.701999699999998,6.915999900000001,627.4697552017127,5.5496875174284686,0.66600001,4130.0
75482,8.4020004,7.29,3128.630256619861,2.6613926537299233,0.95468003,5408.0
75693,9.5860004,8.696999499999999,325.8216513946084,4.63381055243092,1.5127701,5923.2998
75953,9.463999699999999,8.362999900000002,570.2787814536013,7.084613940037809,1.03601,5567.0
75970,8.3590002,7.270999900000001,622.8225378156593,5.944573747899512,0.98065197,5440.0
76101,9.4429998,7.9520000999999985,341.5989842624254,2.9371185516416016,0.78237402,4706.0
76113,9.805000300000001,8.349,1781.5210510094196,7.7046260166898035,0.75536501,5125.0
76114,9.805000300000001,8.349,529.6006889279981,2.5514746692001617,0.75536501,5125.0
76274,9.0319996,7.616000200000001,1161.510866561659,16.475558869878896,0.830522,4837.0
76275,9.0319996,7.616000200000001,2889.5781916665837,25.001040359143747,0.830522,4837.0
76354,9.448,8.7229996,225.4461340578385,5.534418731777366,1.14324,6614.0
76560,9.095999699999998,8.6239996,238.9120360034783,1.3805538737450402,1.60876,7634.0
76579,9.7089996,8.592,643.3342701944254,4.0155653204236135,1.14106,5398.0
76646,10.279000000000002,9.463999699999999,594.6033837621914,4.598530719411304,1.06971,6306.0
77034,10.368,9.3710003,902.563951494196,11.995441291532188,1.1755198999999998,5998.0
77054,9.989999800000001,9.2460003,367.34893032165866,13.532937942065336,1.27729,6746.0
77090,11.204,10.085,1523.5031248346666,63.5100978155854,0.93085903,5416.0
77168,9.7069998,8.880999599999997,709.9222112883322,6.07259045874584,1.1055598999999998,6868.0
77179,10.703,9.763999900000002,360.64624804044416,8.478945202348623,0.92978197,5740.0
77189,10.944,9.6429996,395.167088336271,9.59952520029026,0.95160198,5149.0
77233,10.227,9.2889996,17231.731049001635,65.0567120607394,1.2376698999999998,6368.0
77436,11.254000000000001,9.661999699999999,9681.155602360952,10.306482247269583,0.76731199,4653.0
77594,9.987999900000002,8.6330004,1021.0249198584632,11.559435819514615,0.848786,4983.0
77763,9.463000300000001,8.496999699999998,714.2518398469406,9.07644245496951,1.11465,5731.0
77880,9.158,8.220000299999999,233.6263640568629,3.911262244829735,1.13763,5790.0
78504,11.304,9.786000300000001,1587.2332826258514,7.015574904436195,0.85685003,5011.0
78523,10.757,9.493,609.1083745225278,6.853692235453758,0.93610102,5255.0
78563,12.648,10.325999999999999,3557.712648860621,12.332323811496947,0.48592401,3552.0
78576,11.0,8.7460003,2209.3012966522483,7.276599152098588,0.52840799,3645.0
78652,12.297,9.9160004,6366.8053132014575,7.445400500819432,0.42259401,3431.0
79551,12.634,10.16,7438.1351578076565,6.8592683220392106,0.259,3244.0
79694,11.478,9.6739998,1521.2886195248682,3.58625320052576,0.68547702,4212.0
79742,11.839,10.530999999999999,44309.70090127877,16.939267273255393,0.85801798,5015.0
79747,12.145999999999999,10.283,2212.8274949694337,55.62581783453308,0.68205899,4193.0
79749,12.614,10.657,2062.7443454038867,13.207213815205634,0.67049301,4131.0
79773,11.367,10.023,1063.7204799535366,14.633673025539787,0.84203303,4959.0
80734,14.82,11.935,19355.881097899808,12.598092495550844,0.14300001,2907.0
80735,14.82,11.935,38063.40049512209,92.97881779899664,0.14300001,2907.0
81262,13.957,11.338,10744.278464576817,6.59211819703385,0.21699999,3146.0
81604,12.812000000000001,9.941,14604.511129866889,8.09615747407619,0.15000001,2939.0
81889,12.754000000000001,10.370999999999999,7153.1797947055065,4.892091638007166,0.33500001,3399.0
82600,11.694,10.158,626.6795030490682,0.8448581527132908,0.69259501,4561.2402
82998,10.602,9.3570004,952.0571434924448,5.344268659643875,0.79991603,5255.0
83042,10.794,9.734000199999999,308.6592284397136,8.823271097815361,0.9912200000000001,5552.0
83519,7.964000200000001,7.224,174.9148820603194,5.368139706360831,1.33643,6911.0
83604,9.9320002,8.2349997,2544.022702606902,9.189990250413489,0.72070801,4395.1001
83641,9.946999499999999,8.8879995,372.47762386015916,12.430004893691855,1.28585,5735.0
83651,9.4429998,8.585,20314.041296908625,2.0637830838395734,1.0783200000000002,6747.0
83697,9.4989996,8.1730003,662.4361102018718,7.191994377151638,0.85481501,5004.0
83705,8.809,7.8299999000000025,386.54023292907664,4.64306528283893,1.11426,5730.0
83765,9.2349997,8.2980003,441.43019962501353,7.543229197945322,1.0328,5709.0
83974,14.74,11.88,12069.548473756477,3.023507119049803,0.156,2965.0
84599,8.385999700000001,6.3200002,1957.7474011921693,4.727641240875834,0.25999999,3246.0
85560,5.369,5.4169998,756.8389685021806,17.632023912394715,2.56323,0.0
85575,9.263999900000002,7.272999799999999,849.8868099954512,6.2904345260657,0.57700002,3854.0
85720,10.25,9.272000300000002,194.2731520586697,16.82666317824748,1.00165,5891.0
85733,10.357000000000001,9.3409996,445.1755234479165,1.3815276279669024,0.86213303,5805.0
85764,10.005,9.111000099999998,586.0615754717631,6.194349436755385,1.19382,6098.0
85823,10.811,9.680000300000001,975.5917813881964,18.691552745139386,0.90046901,5558.0
85824,10.811,9.680000300000001,2198.5821935212493,45.394600944572886,0.90046901,5558.0
85925,9.2299995,8.293000200000002,1666.736286347958,6.213046836282114,1.57128,5736.0
85928,9.9289999,7.888999900000001,594.5071793380322,7.7342988389178595,0.48100001,3678.0
86054,9.8249998,8.847000099999997,1020.3836230191404,57.55280942173199,1.1230299,6028.0
86060,10.665,9.6099997,557.3893591478488,18.047918608836483,1.00409,5655.0
86450,8.661999699999999,7.5830002000000025,389.4827773997522,3.5658653708158528,0.91454202,5519.0
86493,7.919000099999999,7.014999900000001,206.69550131071296,16.744158279766495,1.23948,5897.0
86568,9.076999699999998,8.027999900000001,1810.722175171528,4.322969363761366,1.0673,5508.0
86585,7.875,7.262000099999999,276.05972015989227,14.893000108865944,1.5767799999999998,6725.0
86723,8.2489996,7.270999900000001,218.780060366761,9.260756691460877,1.37445,5834.0
86968,9.994999900000002,8.831000300000003,174.92883977434215,3.4561843523777385,0.950858,5296.0
86978,10.808,9.4440002,4027.196069784946,3.745914986466212,0.8370620000000001,4941.0
87075,10.238,9.2539997,387.9912410198429,12.55379725704505,1.0982299999999998,5688.0
87078,10.097000000000001,9.177,606.2902033017604,8.119632539966709,1.10546,5707.0
87120,9.5950003,8.727999699999998,186.89526609223262,6.520864856128473,1.19212,5922.0
87121,9.5950003,8.727999699999998,1230.0836687434798,26.249998990091466,1.19212,5922.0
87126,10.068,8.6859999,4115.750772391988,3.57435793344189,0.847651,4979.0
87153,8.505999599999999,7.6729999000000015,765.6021779065562,8.74095960253346,1.2266700000000001,5999.0
87154,8.505999599999999,7.6729999000000015,245.9854349082333,9.361247781457724,1.2266700000000001,5999.0
87245,11.345999999999998,9.5760002,1369.0881923087127,6.6062155867285695,0.71887797,4424.0
87406,9.8409996,8.8879995,520.1571092446245,5.5073903798327875,1.1227601,5752.0
87494,10.825999999999999,9.661999699999999,238.7941006300311,4.768560937422432,1.02651,5498.0
87560,12.818,10.655999999999999,3243.178463704528,2.3185712089522204,0.47700000000000004,3670.0
87940,11.967,9.7749996,1488.778081643265,1.060199858533657,0.479,3673.0
88034,12.607999999999999,10.062000000000001,2570.509021864847,2.1526412362483875,0.243,3208.0
88035,12.607999999999999,10.062000000000001,5553.619312521545,0.6348672596730035,0.243,3208.0
88272,11.437000000000001,9.3739996,15126.219331572205,5.270395976268095,0.69305998,4255.0
88330,12.82,10.458,1431.1258914832456,6.388326249697647,0.42919099,3443.0
88880,11.833,9.668999699999999,12787.089847793985,13.669285289281433,0.52540398,3638.0
90039,12.673,10.332,2108.7170173953923,2.2467001498466583,0.31299999,3355.0
90187,13.458,10.954,4154.414535380186,2.67297484596991,0.37200001,3470.0
90609,13.889000000000001,11.499,5838.608558265893,3.0511670326694644,0.287,3302.0
90625,12.217,10.023,2210.451517577051,4.806090754273386,0.34599999,3420.0
91189,13.88,11.185,7283.192603702301,6.711841642260108,0.27217099,3154.0
91628,14.370999999999999,11.716,24524.359812958155,1.8256075741076851,0.184,3059.0
91629,14.370999999999999,11.716,8051.197600018193,4.864386545423919,0.184,3059.0
92243,10.744000000000002,9.382,780.2179030596326,8.163690029733797,0.83927798,4949.0601
92245,11.127,9.7349997,883.1727785280232,13.047027296298467,0.71275401,4869.8799
92333,10.176,8.888999900000002,1827.0255925203714,8.094881572933081,0.95679402,5096.0
92368,10.241,8.9090004,414.73390274809265,3.780020062525326,0.84482902,4969.0
92451,10.833,9.5170002,387.4874004560209,2.9196501836914583,0.86781901,5048.0
92452,10.833,9.5170002,1666.8279285891197,12.955901371799765,0.86781901,5048.0
92457,10.809000000000001,9.371999699999998,1451.099712556608,2.5455714927574498,0.83324999,4927.0
93765,13.165,10.91,2295.456030926756,3.5313157876318524,0.38699999,3499.0
95178,11.546,9.0010004,7003.659608038463,2.7347271151014287,0.35499999,3160.0
95627,12.4,10.068,7646.980737507995,3.080119199378607,0.32300001,3376.0
95628,12.4,10.068,2709.751954476736,1.6580207492971553,0.32300001,3376.0
95922,12.939,10.481,2604.8864321251167,0.8903053387367529,0.245,3211.0
95968,11.864,9.6359997,2375.531242662967,4.188523643932245,0.35800001,3443.0
96169,12.825999999999999,10.468,2587.9097195548256,1.0293680158536485,0.30199999,3334.0
96751,5.1090002,5.2519999,1536.5800194260794,13.305832270975008,2.9411199,0.0
96774,5.6929998,5.625,2587.376767233558,4.147385864525727,2.0468099,9120.0
96790,7.4070000999999985,6.3200002,1141.312289790826,17.938749024348038,0.91924697,5494.6001
97339,7.4200000999999975,6.5359998,782.3781103943103,5.548446533773965,1.65645,5985.98
97374,7.9650002,7.0450000999999975,355.4056465892544,26.33698918470673,0.96305501,5862.6802
97375,7.9650002,7.0450000999999975,758.546727490353,12.537592163933553,0.96305501,5862.6802
97444,8.9049997,8.0670004,332.63228680887346,15.164151685543287,1.48519,5824.1001
97499,9.984000199999999,8.736000099999998,408.04188538657934,3.0465926868518216,0.8085140000000001,5293.0
97667,10.17,8.9429998,490.18995656563715,7.494035137645642,1.09094,5523.0
97916,10.53,9.1850004,356.9585176154563,6.515510613000611,0.85135603,4992.0
97945,10.267999999999999,9.2390003,280.037237930308,2.604098763428912,1.0695698999999999,5612.0
97969,10.862,9.239999800000001,596.9037586880851,2.0960834442740808,0.74520802,4545.0
97977,10.466,9.116000199999998,372.8732174021842,3.2314932136200225,0.84539098,4971.0
97991,8.602999699999998,7.79,69.72070597754043,0.9945486992923996,1.31431,6179.0
98066,9.052,8.2489996,144.7172611032049,0.8569405469207674,1.2942200000000001,6139.0
98191,10.300999999999998,8.901,8897.552893059166,1.969030061579814,0.831361,4920.0
98377,10.515,9.604000099999999,781.0050769689234,26.66696912321976,1.2013201,5943.0
98418,10.055,9.158,213.37297938026532,3.2993274044380563,1.1182299999999998,6166.7998
98558,11.232000000000001,9.171999900000001,1711.1244923236627,12.19759814723314,0.44299999,3604.0
98597,10.462,8.1569996,1380.8116192344207,3.8898175289032295,0.35800001,3444.0
99108,13.465,10.53,19355.91854282379,4.092809791102117,0.196364,2974.0
99197,13.681,11.109000000000002,10737.741865634072,23.53747606355873,0.221,3157.0
100262,12.049000000000001,9.8669996,3653.168780145548,4.1922553456329705,0.449,3616.0
100613,11.284,9.944999699999999,324.6149381671133,3.7006999571980623,0.860663,5024.0
101088,11.345,9.3500004,2876.1911660950877,16.74442786093646,0.65447903,4052.0
101873,10.204,8.9329996,4636.8151168221975,3.50191631799837,0.881657,5093.0
102467,13.448,11.245999999999999,1203.06367966134,1.5787690920877135,0.37,3466.0
102468,13.448,11.245999999999999,6716.189533598493,8.209083912162411,0.37,3466.0
103098,12.161,10.1,7368.126914759913,7.485381357557228,0.55000001,3817.0
103495,13.677,11.265999999999998,9219.296353361464,5.633809240452906,0.30899999,3348.0
105252,6.9650002,5.3860002,240.9708108328936,3.6552109100660286,0.78178102,4899.21
105389,6.711,5.8130002,258.84689159047826,3.5110519262987028,1.2415299,5889.6802
105425,9.305000300000001,7.3850002,520.2637825250537,17.72325620884784,0.597,4008.0
105487,8.5170002,7.6199999000000025,576.5157473898428,0.9616152937254464,1.3573600000000001,6126.0
105539,7.679999799999999,6.5749998,405.94809969250315,9.272788944527267,0.86706698,5481.3799
105555,8.3299999,7.282999999999999,796.4098646556987,4.278552651643117,1.10381,5611.0
105572,8.6569996,7.954,279.7603380270386,5.596316709969461,1.42682,6416.3599
105701,9.3940001,8.550999599999999,589.7150661995937,13.774968926435028,1.14881,6124.0
105731,9.3669996,8.100999799999999,417.87969575071816,1.3012329162514358,0.86577201,5080.0
105768,8.7740002,7.789,556.4102392454243,3.7710260850275765,1.4483401000000002,5833.0
105826,8.472000099999999,7.665999900000001,290.2604948830035,13.635339848895725,1.0736299999999999,6175.0
105881,9.520999900000001,8.243,350.9198276548073,2.6922572778430567,0.82497799,5167.0
105895,8.869999900000002,7.994,561.2905799480169,16.65288366590063,1.18097,5950.0
105949,8.991000199999998,8.1610003,421.64162018944086,5.9882735969202106,1.5273700000000001,6353.0
106251,10.079,9.156000099999998,513.801237203034,22.363575195891585,0.99466902,5853.0
106324,6.506,6.3639998,97.91522973892016,8.257573588609947,2.20296,8583.0
106745,11.515,10.286,1272.6974987165595,6.018782514558346,0.92866999,5234.0
107454,11.561,9.3640003,5786.000865360488,10.716583315982977,0.44800001,3613.0
107908,11.417,9.7819996,1926.6987271405146,8.459141843092201,0.74150902,4526.0
107925,11.085,9.161999699999999,1767.134335882382,8.024829724785782,0.695669,4270.0
107937,11.864,10.009,943.1241578554093,14.253518392024553,0.71121901,4360.0
107938,11.864,10.009,1413.4882353178916,13.64042934842617,0.71121901,4360.0
108121,11.110999999999999,8.7419996,2081.8422345220815,4.334666580408511,0.49028099,3561.0
108491,12.312999999999999,9.9849997,6675.404801432989,20.60219168268548,0.287,3303.0
108492,12.312999999999999,9.9849997,1417.3560301550506,3.456672251765163,0.287,3303.0
108524,13.13,10.939,5939.747492467296,1.7499497389487595,0.43399999,3587.0
109259,13.433,10.829,19076.645996763124,2.110680186218012,0.233,3184.0
110408,12.770999999999999,10.357999999999999,12130.32989652595,9.16493614647802,0.214,3139.0
112808,9.661999699999999,8.5760002,277.87747835065653,15.70785231226689,1.0071599,5577.0
113518,11.864,9.661000300000001,2640.639922099495,14.312461511909067,0.43799999,3596.0
114094,12.462,9.951999699999998,9416.159465463106,3.942440839224451,0.26199999,3251.0
114286,13.148,10.687999999999999,5197.945441069538,4.405821704617559,0.244,3211.0
114405,10.565,8.2700005,583.7678335409751,2.845397001722275,0.36199999,3451.0
114459,9.652999900000001,7.323999900000001,1189.1634132516667,7.8301488760014335,0.38999999,3505.0
114460,9.652999900000001,7.323999900000001,697.3409960889153,1.7870895637166182,0.38999999,3505.0
114627,9.638999900000002,7.27,603.0881191641413,2.1007857087093185,0.30000001,3330.0
114864,11.969000000000001,9.71,1321.7988771822947,0.9211973571122929,0.33399999,3397.0
115008,14.154000000000002,11.702,11052.74569270971,11.469866585778366,0.30399999,3337.0
116512,12.629000000000001,9.9870005,14313.901613270056,3.5800514221149418,0.204,3112.0
116513,12.629000000000001,9.9870005,7350.662262336097,2.6861200040348576,0.204,3112.0
117171,13.354000000000001,10.737,8792.99347207195,5.467462007828858,0.3035,3216.0
117172,13.354000000000001,10.737,5076.899585507208,17.963148409205452,0.3035,3216.0
117538,14.292,11.625,8353.076213054892,2.4695420488279245,0.292602,3195.0
117779,12.767999999999999,10.550999999999998,64304.817715548124,3.9314967617045466,0.53011101,3649.0
117969,9.6000004,8.5389996,485.70796134850167,5.268001934245763,1.05151,5564.0
118063,9.463999699999999,8.408,1105.1289909161108,4.2426985485403685,1.01095,5457.0
118215,9.458000199999999,8.621999699999998,756.7158659001549,39.2181674078756,1.3158299999999998,6182.0
118232,8.3660002,7.522999799999999,198.51952136258842,4.770239662469624,1.24306,6034.0
118636,10.73,9.2180004,332.61513837528787,0.8385467040420238,0.793338,4769.0
118714,10.559000000000001,9.2700005,470.4581972183573,9.872379527311177,0.87176001,5061.0
118715,10.559000000000001,9.2700005,392.1065061517526,7.2423756137645805,0.87176001,5061.0
118730,9.921999900000001,8.979000099999997,577.1210716636382,10.956585100673184,1.0042799999999998,5439.3999
118936,11.710999999999999,10.57,5575.474571169654,34.775069558180704,0.66045398,5586.0
119035,7.019000099999999,4.8000002,2919.023518131215,4.4231331070631565,0.59299999,3551.0
119418,9.1210003,7.939000099999999,87.79491390236649,9.769751474208856,1.33479,5482.0
119422,9.2460003,7.7979999000000015,451.2533634955529,16.32794106687076,1.0200799999999999,4868.0
119658,11.122,9.819999699999999,1774.357512028837,6.57639081437045,0.83802903,5058.0
119745,10.126,9.224,428.37411530155225,1.335732672682019,0.80439401,5855.0
119814,10.204,9.298000300000002,656.2263138842162,18.850107738518947,1.27995,6677.0
120394,12.033,9.717,1656.4141074993552,1.2324858234683185,0.359,3445.0
120931,12.272,10.068,2605.1834504907392,5.434167023975156,0.435,3589.0
121193,13.365,11.092,4456.462079026677,6.930724971347562,0.331,3392.0
124079,13.293,10.835,2900.6034370540783,0.6833227574274636,0.21799999,3149.0
124156,11.795,9.3070002,5999.246825302563,9.932773130568133,0.255,3236.0
124157,11.795,9.3070002,2362.261424063407,12.037548719501233,0.255,3236.0
124648,11.925,9.8079996,3244.061267378938,8.47548486459524,0.484,3684.0
124697,12.499,10.324000000000002,8164.431928960217,16.237684815844872,0.34999999,3429.0
126197,6.0679998,5.1479998,7389.706143075674,5.355692163395219,1.35786,5844.9399
126199,6.0679998,5.1479998,6986.979427789915,2.8509837090381263,1.35786,5844.9399
126363,8.2510004,7.712999799999999,150.8961724773151,34.544280762532075,1.5005899999999999,7782.0
126607,9.0559998,8.307000200000001,381.79462930374604,39.912318383062384,1.2610299999999999,6756.0
126611,8.9610004,8.099,286.10294141756606,9.001216649425666,1.57291,6125.0
126720,8.3409996,7.521999799999999,1294.7969352890007,3.64859730348209,1.2778,6398.0
126727,8.574000400000001,7.7389997999999975,500.3487823728389,15.77763173789742,1.03083,5960.0
126728,8.574000400000001,7.7389997999999975,191.49356661529842,7.791740136346082,1.03083,5960.0
126843,9.977000199999999,8.9919996,857.5210007147442,22.157373577993557,1.1548200000000002,5886.0
126867,10.798,9.7159996,227.0196503870707,2.0517905125796245,0.95455301,5553.0
126893,9.581000300000001,8.909999800000003,11497.043635774151,4.226162492908681,1.1491898999999999,6651.0
126982,10.488,8.9420004,207.66011480230893,6.009543804280617,0.77755201,4700.0
127140,9.46,8.597000099999999,321.0099362751078,1.02724802512126,0.92928201,5994.46
127222,8.9820004,8.0030003,123.82290825315096,4.124773931650728,1.13842,5792.0
127295,10.763,9.619999900000002,677.9037101580052,6.489105099365438,1.05415,5571.0
127603,11.459000000000001,9.0799999,662.0793315375241,0.5998086488261599,0.29600000000000004,3321.0
127611,11.707,9.3260002,1741.6730735366198,5.930853543560637,0.345,3419.0
128217,12.372,10.0,2870.166164921204,11.728246546118918,0.36700001,3461.0
128218,12.372,10.0,1297.085860131346,0.7654521339290936,0.36700001,3461.0
128502,11.481,9.1000004,1162.2381066484322,0.6461059333547737,0.34799999,3425.0
129413,13.050999999999998,10.529000000000002,5515.251775996058,11.254781319370863,0.27399999,3275.0
129453,12.831,10.333,5347.3504234570455,4.9019325782309915,0.25400001,3232.0
129893,12.885,10.664000000000001,3588.416289498441,3.5159558089949936,0.34299999,3414.0
130095,11.399000000000001,10.056000000000001,1556.9512467019501,9.869506757418678,0.90833998,5175.0
130281,14.126,11.550999999999998,7933.287223792834,4.109218633627998,0.30455101,3218.0
130289,12.539000000000001,9.8599997,8068.593373568004,6.569436743794191,0.25477901,3117.0
130999,13.273,10.997,63671.67145705947,2.2465000175678256,0.50854802,3600.0
132813,12.538,10.280999999999999,2852.9162007252075,3.2254730267030185,0.33799999999999997,3405.0
133654,12.718,10.522,3935.9436024541415,13.388591650493726,0.41499999,3551.0
133820,12.628,10.503,5104.83136801464,3.412542420088944,0.41100001,3543.0
133992,11.937999999999999,9.783,969.216246432267,1.0257927318361268,0.505,3725.0
134197,12.384,10.238999999999999,3179.3139441424837,20.127237789967012,0.48100001,3677.0
134662,11.709000000000001,9.7749996,638.0455844627087,0.9549840516175232,0.66198701,4088.0
134973,9.951999699999998,8.7119999,32666.455281322484,8.722936057726885,0.90598702,5168.0
135634,12.280999999999999,10.042,7033.101457381394,8.768095375122982,0.37900001,3484.0
135860,11.77,9.7069998,2006.482324408764,7.3015225284137335,0.49700001,3709.0
135996,1.3150001,0.88,138.91514567454323,15.651406127957776,2.7679099999999996,12986.0
137021,12.82,10.5,2567.983539296263,3.3270710259467964,0.39899999,3522.0
139233,9.4399996,7.066,626.3327256058177,3.2081688323453967,0.414,3376.0
139271,8.741000199999998,7.979000099999999,17933.73486600991,9.755984938514418,1.32546,6201.0
139367,9.2159996,8.4309998,72.06367581138792,6.196340963909157,1.31128,6173.0
139373,8.8509998,7.748000099999999,307.3482140929182,4.69209310743809,0.95377201,5304.0
139400,8.793999699999999,7.936999799999999,122.8748530201864,3.5672745316598053,1.20666,5955.0
139433,11.2,8.977999699999998,2481.5208953386764,7.32314530262034,0.37599999,3477.0
139434,11.2,8.977999699999998,1071.225490033435,1.416672016882332,0.37599999,3477.0
139441,10.842,9.3920002,1819.3708024123996,1.0924892522545862,0.81361401,4852.0
139477,10.015,9.102999699999998,1458.1779812393781,5.848058317167438,1.30523,6161.0
139954,5.8839998,5.3200002,143.200820168142,12.668894848912194,2.0072200000000002,6891.29
140381,5.9689999,5.599,135.886656795485,4.802034630720357,2.8975899,7621.0
140615,9.6859999,7.679999799999999,1367.3247069128013,4.563535102583089,0.58499998,3895.0
141380,14.030999999999999,11.345,14445.371340185977,7.330819001782824,0.228,3173.0
142008,12.12,10.088,63145.858749738036,10.156113668887844,0.50999999,3734.0
142185,12.554,10.35,4899.575256161939,8.864041945012925,0.41600001,3554.0
142237,12.383,10.298,71949.71916783396,12.301714857473593,0.53399998,3784.0
142391,13.005999999999998,10.458,6284.04503631334,1.891599532432721,0.32653999,3259.0
143597,12.561,10.532,15085.152603501678,9.74306726581576,0.57200003,3864.0
144348,8.5869999,7.767000200000001,1324.415498390415,2.095797027312018,1.2769700000000002,6325.0
144869,11.609000000000002,10.126,718.6566401887379,6.068683226890759,0.84821802,4981.0
145086,9.451999699999998,8.4960003,843.5960602234065,28.803837576013347,1.23928,6026.0
145206,10.88,9.8830004,208.6962524645432,2.150314939346757,1.12509,5758.0
145542,10.95,8.590000199999999,757.7149765538051,7.71000729160808,0.49028099,3561.0
145555,11.845,9.4180002,1836.6274983190592,20.18874850714789,0.38344601,3361.0
145815,13.091,10.790999999999999,3881.366590474024,8.526565878475617,0.527125,3642.0
146341,13.751,11.189,9108.929575166641,10.73849671057148,0.26100001,3248.0
148132,14.302,11.843,19636.01280483546,8.760508137494046,0.162,2988.0
148181,13.025,10.671,2329.68670837715,4.5583324705628225,0.49883500000000003,3579.0
148229,12.966,10.558,4892.468508517855,9.615322155591755,0.44437301,3471.0
148427,13.189,10.742,2686.718331862235,7.3510185481768495,0.38682601,3367.0
148439,12.575,10.048,3796.324482205816,3.116805950613028,0.36036599,3320.0
148702,13.652999999999999,10.636,7441.361135932987,1.8241095534062783,0.12800001,2814.0
149052,13.637,11.026,9066.502849250192,5.722150763792652,0.30035999,3210.0
150073,12.945,10.158999999999999,2953.0363738237793,1.8200859623008532,0.23365501,3069.0
150308,10.11,9.248000099999999,658.5104097716293,38.58382790743725,1.24211,6032.0
151346,11.082,9.0080004,3870.1436128880323,4.316247035809692,0.54100001,3798.0
151827,11.552999999999999,9.5609999,1519.3646734294714,3.4172834574960755,0.602,3936.0
153505,12.949000000000002,10.581,3448.2628461042573,5.6701559437912366,0.30399999,3337.0
153532,12.407,10.082,2694.658697344875,3.546773595948157,0.33700001,3403.0
153554,12.960999999999999,10.67,4416.679691360205,11.297677494743303,0.368,3463.0
154316,13.609000000000002,11.251,2762.3489466247056,2.4227531934027517,0.34599999,3420.0
155760,13.937000000000001,11.472000000000001,5310.594832057467,3.7343258740301577,0.26300001,3252.0
156888,11.168,8.930000300000003,2173.0064598705408,26.08480323167368,0.39199999,3508.0
158266,14.73,12.197000000000001,13192.5633988788,22.154171421008957,0.23600000000000002,3191.0
158269,14.73,12.197000000000001,15466.428940401469,39.84843926407846,0.23600000000000002,3191.0
158288,13.648,11.139000000000001,18079.722115609893,60.624420036887216,0.24699999,3217.0
158627,13.239,10.860999999999999,4548.9917465953085,6.055281842988763,0.248,3220.0
158681,11.67,9.2989998,4674.2437238557095,4.066503643830768,0.31,3350.0
158699,11.087,8.6859999,1060.1819530934833,1.0033029391049062,0.31299999,3312.0
159158,14.09,11.304,11830.619553935348,21.339304448783146,0.24008600000000002,3084.0
159160,14.09,11.304,12479.880227479809,7.305657126107301,0.24008600000000002,3084.0
160305,13.819,11.239,5829.6516080183765,19.927949517778067,0.31948501,3246.0
160351,13.793,11.164000000000001,2679.045871769163,2.3842145628619704,0.325995,3258.0
160436,14.536,11.902999999999999,3086.9160018078496,2.697056412487666,0.31894499,3245.0
160675,11.312999999999999,9.512000099999998,593.6680272069514,11.48680334869504,0.70862001,4345.0
160788,11.023,8.854000099999997,1818.0636473903253,1.2456675240301949,0.39700001,3518.0
160841,11.038,8.7010002,4730.671196229693,7.971104134598075,0.28299999,3295.0
160842,11.038,8.7010002,1292.0881498514073,6.941271048570616,0.28299999,3295.0
161353,10.659,8.369000400000001,3149.4081713305845,13.720025773358849,0.34200001,3412.0
161482,10.421,8.005999599999999,3879.8280386320475,48.11069038428675,0.317,3364.0
161565,9.6120005,7.3670000999999985,580.397283393028,3.5710407775558064,0.41,3543.0
162474,11.210999999999999,8.9289999,1143.6981115710662,3.8932828052960975,0.38299999,3491.0
162586,11.244000000000002,9.510000199999999,68711.45399656077,5.35096562554965,0.70810097,4342.0
162640,12.145999999999999,9.911999699999999,3614.670699155075,6.205721471858526,0.42399999,3569.0
162744,12.072000000000001,9.897000300000002,5094.820259487934,8.572123416955428,0.373,3472.0
163581,13.57,11.139000000000001,4713.189220807356,3.390019100749662,0.26199999,3250.0
163635,12.823,10.634,4668.101532340613,7.316388728022188,0.32699999,3383.0
163847,13.120999999999999,10.863,5890.895295232327,2.6456926970416883,0.37599999,3478.0
164361,13.237,10.939,4619.488023750803,3.2217469953750038,0.368,3462.0
165495,12.943,10.43,6794.690430752026,8.68663233905343,0.244,3211.0
166119,14.309000000000001,11.614,23623.01622320457,9.492101169870963,0.20200001,3107.0
166556,13.835,11.100999999999999,8289.409343839308,7.0532718966929595,0.184,3058.0
166611,13.645999999999999,10.860999999999999,37046.018707970376,3.9487263800068813,0.15899999,2975.0
167173,10.850999999999999,9.9049997,613.8791219050364,8.594823596819946,1.1408,5798.0
167274,11.687000000000001,10.071,1028.661945406842,4.4560864240698415,0.49263,4454.8799
167505,9.062000300000001,8.1330004,359.39444826666687,16.853322469038876,0.92917901,5780.0
167783,10.45,9.331000300000001,378.42992708799545,29.40948644491447,1.103,5232.7002
168132,9.036000300000001,8.0810003,450.94989069249925,10.445142601289136,1.11273,5726.0
168134,10.044,9.119999900000002,635.1294879830012,11.891841367430446,1.13763,5790.0
168262,9.477999699999998,8.6630001,266.5760417624849,4.220233992277182,1.26624,6302.0
170054,14.511,11.997,10444.148126165097,3.381850624060317,0.27700001,3282.0
171973,13.47,11.216,5007.978228081158,5.674524797754043,0.37599999,3478.0
172489,11.767000000000001,10.017999999999999,2145.2555078135865,15.047578039393489,0.70257998,4310.0
173245,11.763,9.647000300000002,1535.0556958257334,3.845922766372496,0.49599999,3707.0
173598,13.235,10.808,9872.575892220408,5.905809380702569,0.31900001,3368.0
173627,13.401,11.043,7842.736570196691,4.7911216429551295,0.31299999,3357.0
174525,12.927,10.577,5837.773639622343,12.213848610138006,0.34099999,3410.0
174526,12.927,10.577,3612.270985445507,22.8047933086416,0.34099999,3410.0
174903,13.35,11.036,3395.198406288359,6.411448572596392,0.345,3418.0
175012,12.093,9.9329996,2356.338205551204,4.686920585225204,0.47600001,3669.0
175327,13.083,10.845,6430.127646664779,2.5572347259325303,0.41700000000000004,3556.0
175373,11.788,9.7910004,4694.4393465218045,10.467432578758912,0.53299999,3782.0
175714,12.894,10.412,4430.687307354452,29.994573435238213,0.29300001,3314.0
175715,12.894,10.412,1065.136740423623,1.877798993146365,0.29300001,3314.0
175896,12.318,9.951999699999998,2178.480892235915,4.05408293093646,0.44811401,3478.0
176560,11.921,9.9569998,3045.6290326822827,2.2565057320356434,0.64265698,3999.0
176628,12.177,9.779000300000002,3096.652164604079,5.995049158310895,0.44651401,3475.0
176887,11.23,9.119999900000002,792.9274120781545,6.077675194612672,0.58650702,3798.0
177209,14.487,11.87,17692.74419845776,13.104916395022693,0.20200001,3108.0
177479,11.002,9.526,508.3408714873701,8.783069460052836,0.78045601,4713.0
178007,10.972000000000001,8.746999699999998,1231.8449364206087,7.494281317773559,0.449,3616.0
178030,12.047,9.920999499999999,2115.226893913397,9.66778592288792,0.54299998,3801.0
178063,11.600999999999999,9.147000300000002,1624.3737965752782,8.062837859522228,0.39799999999999996,3520.0
178115,12.376,10.186,1890.1354924770276,0.7784360839225686,0.41299999,3548.0
178236,10.513,8.8830004,135.34179686222643,2.8501069480961814,0.74344897,4536.0
178237,10.513,8.8830004,1173.5928103376316,14.72092068747268,0.74344897,4536.0
178249,10.918,9.0489998,664.5512044123573,3.171609963361913,0.69043499,4240.0
178269,12.0,10.177999999999999,2466.229085792814,15.259769634364984,0.70309699,4313.0
178993,10.42,8.1219997,1280.2625288485026,22.409714803586077,0.47700000000000004,3420.0
178994,10.42,8.1219997,1319.8416105611898,19.227925531851692,0.47700000000000004,3420.0
178996,10.42,8.1219997,2281.9526671991016,26.245718114888138,0.47700000000000004,3420.0
178997,10.42,8.1219997,1443.3413819247214,28.416761699462924,0.47700000000000004,3420.0
179105,12.708,10.119,8908.67687562515,6.657419616448473,0.33586299,3276.0
179487,10.765,8.3830004,3206.030439100415,8.990606167888382,0.55900002,3351.0
180650,12.739,10.345999999999998,2077.455264212721,1.3260483427043452,0.31200001,3354.0
181289,12.097000000000001,9.8260002,7313.393807952391,7.793250873857787,0.414,3549.0
183091,10.564,9.5760002,1317.7969874723046,4.083381389259957,0.8721629999999999,5788.0
183186,10.113,8.911999699999997,1529.2086599276304,5.50433625981154,0.90398097,5162.0
183629,9.3900003,7.344999799999999,1668.2489397149138,14.1129223757723,0.57099998,3864.0
183822,8.7510004,7.901,211.9190029802631,6.582781156046318,1.0778,5854.0
183855,9.430000300000001,8.5109997,327.8819515829282,4.229027585102841,1.1099,5866.0
183871,9.6639996,8.833000199999997,583.3015505427252,1.0120490250354437,1.12252,6005.0
183955,8.050999599999999,7.25,207.98171919317247,7.62942990721325,1.22252,5990.0
184220,10.442,9.6429996,135.64929889904906,1.2142875178512145,1.18436,6419.0
184274,10.047,9.1750002,695.0617886658957,10.926485305038321,1.06976,6151.0
184283,10.525,9.6429996,822.2952957456047,4.551684074597496,1.15632,6335.0
184284,10.525,9.6429996,1436.7305541568844,5.329437990714462,1.15632,6335.0
185207,14.677,11.977,18616.161893966702,3.3816127257169684,0.18600000000000005,3064.0
185236,15.956,13.159,9842.937470171413,2.0190009270053952,0.15000001,2942.0
185517,15.356,12.6,23045.74842193452,1.8205433799314168,0.18099999,3048.0
186820,11.423,10.218,772.7501154304962,13.74350676071945,0.924119,5221.0
187234,14.19,11.847000000000001,9891.554216338716,2.8209734141612133,0.31900001,3368.0
187367,12.777000000000001,10.772,5244.119636534946,8.84461800804215,0.308,3346.0
187577,14.507,12.137,4643.420187315443,10.730847576092028,0.31799999,3365.0
187661,13.460999999999999,10.995,2399.5829194938033,0.8756961991114567,0.27700001,3282.0
187942,12.954,10.273,6129.311754890867,12.111954136921275,0.26800001,3263.0
188070,13.595999999999998,11.175,9569.322256857387,9.394403460810004,0.31799999,3366.0
189263,11.838,9.5080004,2083.312616112873,6.518429516535415,0.42500001,3570.0
189495,11.418,10.12,5544.433267010076,5.742786189152696,0.90969002,5179.0
189522,11.797,10.464,812.7521327422884,11.981941226059776,0.84850198,4982.0
189577,12.929,10.458,8619.853558007098,4.320088054310514,0.23399999999999999,3187.0
189679,11.077,8.592,3899.554046772002,9.437544106227419,0.27200001,3316.0
192293,12.681,10.218,3433.2125455208643,4.6032041431984965,0.36317399,3325.0
192584,11.069,9.2629995,46286.30958848825,3.106537979939417,0.70810097,4342.0
192744,13.872,11.626,3055.226257242806,9.545172897752655,0.34299999,3414.0
192934,12.786,10.337,3376.094284888473,6.277977313917165,0.40200001,3527.0
193113,12.344000000000001,10.068,1954.606215035237,3.460420767429617,0.41200000000000003,3545.0
193177,11.707,9.4440002,5522.070633126823,2.035719590451411,0.396,3516.0
194103,12.092,9.838000300000001,6511.057351090383,16.463179251657024,0.33399999,3396.0
194256,11.245,9.0150003,5041.141251797505,5.699531150383579,0.308,3326.0
194751,12.110999999999999,9.590000199999999,977.6840008270917,2.3401007049301343,0.29699999,3314.0
194786,13.082,10.582,3994.432655764657,28.05448945908741,0.30399999,3338.0
194968,11.315,8.946999499999997,1152.029370280975,7.815636357090777,0.30199999,3366.0
195076,11.795,9.3070002,738.170717642727,0.6870104967132173,0.289,3308.0
195248,11.270999999999999,9.0950003,2825.816613727511,17.63670749724665,0.442,3602.0
196167,13.744000000000002,11.45,7050.6876236562075,4.640322732943108,0.34200001,3413.0
196311,12.894,10.494000000000002,4371.3584458415335,6.844512088101253,0.27500001,3278.0
197728,13.86,11.389000000000001,3579.3501739587655,0.5995247295620675,0.289,3307.0
199269,9.9350004,8.0220003,656.4208502900004,2.76565626498218,0.59200001,3908.0
199624,10.999,9.4759998,957.8657354938234,7.066032142571754,0.77314502,4680.0
199639,10.167,9.0430002,229.54575830496086,2.149162995664061,0.99808103,5423.0
200195,8.5860004,7.73,699.8430680457861,16.001026635467127,1.2757,6239.0
200303,9.925999599999999,8.816,3534.605544944362,22.586569264722623,0.82057297,5792.0
200304,9.925999599999999,8.816,1027.764335771562,8.606693136184841,0.82057297,5792.0
200413,9.658,8.9289999,215.42685488888858,1.321296445987393,1.21945,6565.0
200434,9.168999699999999,8.454000500000001,99.91248292457628,3.1890084567998143,1.28983,6419.0
200488,9.5749998,7.594999799999999,620.6728336166142,4.682774133062727,0.639,4035.0
200738,8.5190001,7.535999799999999,119.3058339368628,1.3335090348348708,1.28864,5926.0
200825,10.099,9.263999900000002,645.1900710317328,13.7654989955651,1.15751,6141.0
201356,14.68,12.048,13678.386987295376,2.1663801416450097,0.207,3121.0
201436,15.292,12.645999999999999,7662.1173776646665,3.4397898283053863,0.185,3061.0
202554,13.33,10.945,3826.67241839802,1.6756909090826582,0.27900001,3287.0
204138,9.5749998,7.429999799999999,1287.4987629310988,2.55945811090756,0.46399999,3645.0
205579,11.962,10.089,995.9178741113776,6.297948611361584,0.67030102,4130.0
205648,13.457,11.081,2596.543922677294,10.391029316706849,0.264,3255.0
206560,11.61,9.9619999,1036.516339097844,10.451742422751938,0.74150902,4526.0
206908,13.437999999999999,10.789000000000001,13660.436078948213,1.7897551659809203,0.24699999,3218.0
206910,13.437999999999999,10.789000000000001,6474.414287432935,8.390475749940414,0.24699999,3218.0
207879,10.556,9.171999900000001,9138.78975062702,3.1100815137108415,0.82157302,4883.0
208242,12.822000000000001,10.639000000000001,2237.543973877084,9.864784573016216,0.465,3646.0
209370,12.133,9.8260002,689.6595728579045,2.6715285358145016,0.52626598,3640.0
209371,12.133,9.8260002,10134.625288189976,4.039159822758484,0.52626598,3640.0
209655,13.755,10.937999999999999,9111.784622220555,9.396042325694694,0.23154499999999997,3064.0
210550,14.032,11.139000000000001,17289.771805390094,5.84254343585127,0.147,2833.0
211591,11.642999999999999,10.276,748.674005170003,23.05092858850121,0.8452,4970.3198
213225,12.745,10.369000000000002,4275.700247659347,8.925654452000297,0.32699999,3384.0
213570,12.763,10.569,6025.1630431965,2.1594298639758147,0.46000001,3637.0
214984,15.46,12.415,26528.76326613961,4.027291801216936,0.142,2905.0
215145,11.468,9.415,3713.0011890278797,6.158871487953603,0.53399998,3783.0
215200,10.164,8.8500004,746.0008188326661,4.530424195945801,0.86273402,5031.0
215465,10.101,8.928000500000003,1046.9674049626199,17.009717615312177,0.97592098,5364.0
215478,10.455,9.3360004,656.5374347659535,31.227164245142998,1.1293799999999998,5769.0
215501,9.937000300000001,9.0,330.32701712765123,9.491205051895596,1.1869399999999999,5910.0
215564,10.79,9.5559998,1510.722750585727,7.045177576478447,0.90033001,5151.0
215781,10.785,9.364999800000001,1034.5282036882934,13.481726487370956,0.81336099,4851.0
215991,8.1520004,7.347000099999999,670.510436897609,4.834661587003068,1.31677,6080.1499
216277,9.7580004,8.571999499999999,1312.0159225669354,9.927179374007617,0.8043399999999999,5340.0
216330,9.170999499999999,8.323,51.143000483074466,1.3604502173498143,1.1770999,6039.0
216340,9.1929998,8.402999900000001,1841.1395326093045,5.039583521614706,1.34435,6238.0
216917,15.520999999999999,12.86,21686.30789298693,6.964565580517813,0.183,3056.0
220683,12.623,10.139,6855.088227146367,8.019376492580568,0.273,3274.0
222185,12.684000000000001,10.537,6278.339506476314,66.74275765244265,0.39700001,3518.0
222298,13.321,11.019,4142.78973063595,4.012921785190178,0.32600001,3381.0
222469,13.839,11.472999999999999,7179.904323836476,25.817268931998196,0.31799999,3366.0
222511,12.868,10.603,3264.262125838302,6.050792070015388,0.38600001,3497.0
222547,13.307,10.957,8427.869074251244,14.641349728306414,0.36899999,3465.0
222563,13.674000000000001,11.299000000000001,1732.9013393183059,5.861451343978274,0.33799999999999997,3404.0
223763,12.919,10.28,4884.86737509046,7.048272490533688,0.315716,3239.0
224469,15.012,12.277999999999999,10709.021785222183,0.5734789913673877,0.171,3017.0
226381,12.949000000000002,10.776,477.07062690268316,0.7930802651542153,0.442,3603.0
227594,10.852,8.722000099999999,4164.736843351823,1.8851319203342385,0.125,2769.0
228963,12.607000000000001,10.19,2639.800175263249,5.496541548504663,0.287,3303.0
228976,13.722999999999999,11.322000000000001,10092.088188430302,2.5844986740753626,0.34700000000000003,3423.0
229112,13.252,10.783,18223.70726961203,2.9459712252432873,0.26199999,3249.0
229113,13.252,10.783,5839.007355973087,6.067470448946082,0.26199999,3249.0
229416,13.467,11.12,6383.10358721222,10.604160548712946,0.31799999,3365.0
229568,13.151,11.003,4713.227402279696,7.307187558138981,0.46399999,3644.0
230518,14.532,11.822000000000001,25035.59993563297,27.9704079043807,0.228,3173.0
231938,9.112999900000002,7.401,391.100141672658,4.5651550183788485,0.67000002,4529.0
231949,7.876999900000001,5.961,836.8314007873238,2.1054833796771417,0.61900002,4025.0
232123,10.872,8.904000300000002,1234.368746039102,14.418442574669454,0.66158003,4086.0
232129,10.735999999999999,9.298000300000002,1660.155852640839,12.965089281664973,0.79977399,4796.0
232151,9.751999900000001,8.5380001,685.1626930629517,3.5274381151553333,0.917193,5201.0
232187,10.315,9.2749996,490.43246027436265,3.7613429925597566,0.93096602,5990.0
233056,9.446999499999999,8.293000200000002,1000.6673629054268,12.360989899567842,1.0438498999999999,5349.0
233113,9.050999599999999,8.085,713.7924550422205,4.835398300995153,1.0287,6095.0
233264,10.166,8.397999800000001,1318.7815455780485,17.062894321717707,0.71628499,4389.0
233294,9.128000300000002,8.178000500000001,20774.694425809088,8.060681366355858,1.1411901000000002,5799.0
233340,9.2119999,8.2419996,434.31632010732596,0.8628979328647928,1.11734,5738.0
233689,10.071,8.9250002,2185.878126116526,0.9721921025039498,0.95742798,5314.0
235285,13.827,11.287,10766.52977133745,22.031668642908365,0.3425,3288.0
237299,13.142999999999999,10.755,5111.976217553954,5.606189714515303,0.31600001,3361.0
237613,12.635,10.599,1890.7976692671286,16.226510986692553,0.45199999,3621.0
237614,12.635,10.599,1948.615128399298,12.517137287176011,0.45199999,3621.0
237673,13.464,10.937999999999999,1785.7131570926806,1.3553635003655942,0.33199999,3392.0
237694,14.261,11.875,9207.270291565064,4.97403499824529,0.317,3364.0
238014,12.148,10.072000000000001,3931.768810035931,6.8647965507017235,0.54500002,3807.0
238015,12.148,10.072000000000001,2285.933437780594,5.904815770734749,0.54500002,3807.0
238021,11.706,9.6739998,32371.584711093594,1.6762380994400496,0.53899997,3793.0
238107,11.82,9.838999699999999,14294.205679661236,5.790708835747013,0.625,3997.0
238200,11.034,9.640999800000001,1437.2782650409094,14.242073738673286,0.86243701,5030.0
238221,11.655,10.427,226.16852411736568,2.505796945216221,0.91002899,5180.0
238918,11.437999999999999,9.0450001,631.5221481854484,0.5917953890692157,0.27200001,3298.0
238949,10.637,8.4610004,823.6320727627627,1.81785667496266,0.435,3602.0
238951,12.669,10.261,2301.059563580788,1.969616635340262,0.31400001,3357.0
238952,12.669,10.261,1934.5745975676996,1.0542520426561357,0.31400001,3357.0
239891,12.532,10.407,3724.462904982148,26.349603456233787,0.51200002,3739.0
241331,12.720999999999998,10.08,4134.293424468499,19.447335105373554,0.20900001,3127.0
241332,12.720999999999998,10.08,3719.918835915189,7.719953812294941,0.20900001,3127.0
242109,10.558,8.4180002,1290.6375715714414,0.8532092927158365,0.31299999,3658.0
242384,10.89,8.713999699999999,1557.5965017784174,1.863383989902958,0.45100001,3619.0
243161,11.698,9.720999699999998,3239.9491147250305,7.694295217755338,0.58399999,3892.0
243285,12.208,10.006,2212.9721470319296,7.1957603141263355,0.36399999,3454.0
244846,14.194,11.639000000000001,17000.691970288677,5.717556839472188,0.243,3207.0
246088,9.6920004,8.5489998,691.2718207374913,9.961805074645088,0.97368598,5358.0
246367,10.14,9.352999699999998,619.1504396675392,11.692326137291904,1.2803200000000001,6111.0
246432,10.111,8.791999800000001,820.4099903414767,3.4818263398175127,0.81667203,5090.0
246496,9.878000300000002,9.0570002,783.1007651838748,13.403590069995834,1.2374001000000001,6022.0
246887,8.2019997,7.445000200000001,698.5253311208346,3.5220337986947943,1.30924,6160.0
247377,9.21,8.409999800000001,885.3945215721104,10.636062815500589,1.20339,5994.0
247394,9.045999499999999,8.427,362.413328783956,16.195278878423508,1.5248700000000002,6596.0
247395,9.045999499999999,8.427,5234.03720357192,15.09923590823173,1.5248700000000002,6596.0
247562,10.368,9.5579996,472.34556013491954,3.2869176666129665,1.00019,6644.0
247805,10.09,9.074000400000001,1378.8701259065022,2.37215783055598,1.06243,5593.0
248913,13.253,10.806,11915.79712396188,6.624146559703572,0.30199999,3333.0
249492,12.883,10.669,2996.6207531792543,5.286714157258097,0.396,3515.0
250081,12.706,10.392999999999999,4973.623735298417,9.469134119542232,0.361,3449.0
250880,14.462,11.954,17662.54539558605,3.67360617395724,0.22899999999999998,3175.0
250973,14.413,11.911,11995.802894243183,17.0293303241506,0.27500001,3278.0
251143,12.583,10.520999999999999,1185.9701998578432,11.13312359026809,0.52200001,3759.0
252026,13.239,10.899000000000001,3069.712947369897,83.59376603223731,0.445979,3474.0
252135,12.975,10.402000000000001,6393.533768430193,3.045757765693493,0.32327601,3253.0
252719,15.245999999999999,12.345999999999998,24152.687488023385,8.871033518664056,0.13500001,2862.0
253533,11.3,9.5249996,1293.0558882084476,14.080320915539042,0.72071302,4414.0
253655,11.549000000000001,9.4320002,509.12166271128916,5.623554202620044,0.55299997,3824.0
253656,11.549000000000001,9.4320002,2113.506364058137,5.863587742666363,0.55299997,3824.0
253703,13.929,11.408,4301.359059500121,5.3122970397002645,0.252,3227.0
253812,12.068,9.9180002,2412.6421202459283,3.748710247855128,0.43599999,3591.0
253835,12.378,10.369000000000002,1510.629941847056,0.9580459482571346,0.56099999,3840.0
254064,12.155999999999999,9.8170004,2058.500307316958,2.018715019513172,0.31400001,3357.0
254065,12.155999999999999,9.8170004,2172.0249919055773,5.192996689501205,0.31400001,3357.0
254178,11.14,9.161000300000001,657.240721084062,3.7152139081563336,0.63864499,3982.0
255236,10.440999999999999,8.1829996,1126.8486627486357,2.3302011336836013,0.42399999,3568.0
255557,10.247,7.905000200000001,2110.797794443384,5.70235538260174,0.31200001,3353.0
255577,10.395999999999999,8.4250002,1666.3152853846254,28.195326183920628,0.66816503,4119.0
255578,10.395999999999999,8.4250002,2892.93730702378,23.200369176962138,0.66816503,4119.0
255598,10.677999999999999,8.243,1664.7128864008907,1.0099416460440591,0.33000001,3390.0
256448,10.9,9.6099997,1001.1538104688283,5.842354479983988,0.86631501,5043.0
256703,12.443,10.12,1905.5725707514746,1.1499483994256308,0.317,3364.0
256723,11.47,9.312000300000001,1335.7726524734928,7.4696683592880655,0.46700001,3650.0
257332,11.540999999999999,9.361000099999998,1191.6445407415595,8.94411921397838,0.43799999,3594.0
257490,12.144,10.035,1558.1272637347115,5.095381602489676,0.47700000000000004,3670.0
257527,12.489,10.414000000000001,4028.116758064546,4.036263792618254,0.461,3640.0
258209,13.964,11.442,3459.285102570645,1.6109232444661714,0.27000001,3267.0
259264,13.057,10.527000000000001,3438.973286142881,2.1060852580130818,0.22699999999999998,3171.0
259350,13.208,10.737,8670.850311165641,8.808271952896703,0.27399999,3275.0
259701,9.770999900000001,8.165,633.6894253541982,2.464732654022701,0.69781202,4635.0
259851,9.3830004,8.0360003,276.82614694267147,46.29034489012718,0.847651,4979.0
259895,10.652000000000001,9.5760002,244.68043316233857,13.70424141042058,1.0610700000000002,5629.0
260146,7.579,5.6880002,3180.1821475447264,7.775540396110044,0.64499998,4082.0
260320,8.0539999,7.124000099999999,216.278547886634,7.620198151017612,1.47685,6089.0
260689,7.724,6.7449999000000025,170.2842247876975,15.476528984474303,1.00519,5827.0601
260745,7.4679999000000015,6.7529997999999996,385.4123610011482,6.4982898420793545,1.5636801000000002,6525.5498
261250,9.9329996,8.816,1552.8335612046753,6.505484903841479,0.890558,5410.0
261359,10.753,9.501999900000001,215.15305810478688,2.99379033765394,0.8996700000000001,5149.0
261442,10.146,9.085,237.14414050386281,2.771598192622583,1.03941,5532.0
262069,14.114,11.323,6981.314715718452,0.9385619764008244,0.161,2983.0
263393,12.780999999999999,10.571,4704.007057885595,11.154337965677732,0.36700001,3460.0
263395,12.780999999999999,10.571,3877.501886924295,9.08700853326208,0.36700001,3460.0
263729,11.377,9.425999599999999,1039.6563540507702,2.1551722472112047,0.616,3971.0
263853,11.18,8.868,817.0178029048717,1.6087441653101522,0.33399999,3398.0
264249,11.239,9.003000300000002,2065.4830035647965,1.5410598376452702,0.35299999,3433.0
264948,12.453,10.354000000000001,26668.95156884555,4.2851704732995435,0.50800002,3731.0
265106,11.327,9.2069998,1605.2590900132575,9.435351442987304,0.47200000000000003,3659.0
265108,11.327,9.2069998,2982.8447043814904,8.814203171184989,0.47200000000000003,3659.0
265232,13.378,11.026,6972.66048074774,2.4711297388115967,0.39700001,3517.0
265453,12.738,10.21,7705.6790214160355,9.438840224999346,0.23600000000000002,3191.0
266404,12.171,9.8059998,1185.4266154471416,2.098983538084835,0.32300001,3376.0
266807,12.717,10.374,8434.876540769115,14.833515434516626,0.33399999,3397.0
267004,13.587,11.179,4793.022302454815,20.999385381254413,0.27900001,3286.0
267044,13.159,10.811,2293.545564431701,7.064029721034952,0.31900001,3367.0
267046,13.159,10.811,3110.256318910957,9.219301077980312,0.31900001,3367.0
268256,13.043,10.698,922.3433141428417,3.0312488918237843,0.35200000000000004,3433.0
268868,13.36,10.904000000000002,3477.469141002118,1.6000982136316737,0.38119200000000003,3357.0
269684,11.23,9.645999900000001,1443.91302693855,22.34064693249052,0.74540401,4546.0
269755,12.44,10.05,4324.150237050745,7.573997393855032,0.30599999,3342.0
271079,13.03,10.831,2913.5420049667296,4.204093115745756,0.40000001,3523.0
272644,13.952,11.078,10275.00060060552,6.2226765637428265,0.14300001,2907.0
273295,12.133,10.773,2171.80421082749,3.745034670391179,0.6644909999999999,4974.2598
273321,11.799000000000001,10.418,5932.266395866469,7.436729275082209,0.65278399,4990.6099
273401,10.623,9.46,1189.944066063864,7.735675380373507,0.82504898,5682.0
273411,10.825,9.602000199999999,729.4464244573622,12.122298236185086,0.87378901,5208.0
274130,8.0170002,7.3020000000000005,104.03693882037257,2.507453115799908,1.2599200000000002,6400.0
274203,11.582,10.453,2087.4021777629723,3.806909094363448,0.794604,5466.0
274251,9.1960001,8.562000300000001,2726.52059091932,2.846258220139482,1.38899,6694.0
274337,8.1339998,7.2610002000000025,408.5879771032359,2.411281462301976,1.15727,5839.0
274663,9.9589996,8.9289999,729.610919724454,16.374072302023112,1.00125,5630.0
274688,9.9239998,9.2419996,799.7941713286485,2.7083647329626768,1.27987,6458.0
274788,10.769,9.4239998,1267.6773194791292,42.88661635645144,0.84850198,4982.0
274831,10.209,9.0200005,1156.3373416537372,11.642687602774313,0.96774501,5342.0
275309,14.130999999999998,11.333,22689.897280092697,12.675619050842382,0.146,2924.0
275958,12.835999999999999,10.379000000000001,14907.125862297837,3.7455979780411575,0.26199999,3251.0
276915,13.497,11.107999999999999,7660.637568353645,4.315748587667727,0.30899999,3347.0
277290,13.107000000000001,10.552,7513.746300191686,9.40867352107526,0.28299999,3295.0
277322,13.495999999999999,11.124,11880.187129813385,3.599978677708217,0.27200001,3271.0
278468,14.332,11.866,7310.672495508921,2.5179587797649035,0.28299999,3295.0
279300,12.708,10.617,6763.064435355233,1.4682040500360425,0.42899999,3578.0
280612,10.842,9.0799999,1242.7853283110194,4.280870579943532,0.70740998,4338.0
280702,11.275,9.7770004,2104.9439150610324,5.34952606510378,0.766671,4650.0
282133,14.102,11.589,15084.296911925947,7.013055715523393,0.248,3219.0
282764,8.776,7.896999799999999,194.84383731015828,3.397124655113553,1.28329,6117.0
283053,9.352999699999998,7.3679999999999986,582.6789571797665,15.168882024034927,0.653835,4049.0
283079,5.6700000999999975,4.9039998,257.48104015211544,8.262416871070185,1.5513700000000001,6653.0
283137,9.9200001,8.6169996,649.8759107018341,2.5750225163684664,0.87137997,5099.0
283395,6.612,5.6620002000000005,273.5882998055837,5.030192952352137,1.10172,5733.8101
283989,9.7840004,8.7299995,260.528983938176,3.0686580753873267,1.0121599000000001,5189.7002
284334,8.6440001,7.6770000000000005,1145.756502724083,14.970015835659671,1.13878,6084.0
285143,13.547,11.128,6186.363229239582,4.042158822615615,0.285,3298.0
285181,10.824000000000002,8.222000099999999,6025.452270622978,6.486608699637989,0.266,3258.0
285182,10.824000000000002,8.222000099999999,12279.845721032989,4.644344549509436,0.266,3258.0
285682,12.030999999999999,10.015,8694.70783614737,5.447981027200655,0.61000001,3955.0
285991,12.339,9.963999699999999,2954.4816867851546,7.207667525039303,0.33199999,3393.0
286084,11.305,9.0860004,2466.810799168661,6.714651022183716,0.48100001,3678.0
286138,10.54,8.4160004,1203.178801352005,5.194699279322724,0.55400002,3826.0
286176,10.575,8.411000300000001,626.1166204742897,5.864273445364656,0.40000001,3523.0
286387,11.897,9.4610004,3166.85542004864,5.107904790195583,0.40536201,3400.0
286432,11.954,9.619999900000002,2154.311390186206,11.383959678427868,0.51172298,3607.0
286502,12.366,9.803000500000001,7598.422109401909,53.75136516425742,0.34194499,3287.0
286503,12.366,9.803000500000001,4112.726909754029,33.01933702932099,0.34194499,3287.0
286504,12.366,9.803000500000001,1346.0038180849906,6.361170125659314,0.34194499,3287.0
286568,11.132,9.036000300000001,2205.101402814331,27.02047489671712,0.64745998,4020.0
286913,11.624,9.300999599999999,2189.1507173405757,1.2875910336179597,0.27399999,3295.0
286940,12.972000000000001,10.527999999999999,3234.122754112493,2.616171531651021,0.289,3306.0
287725,11.687000000000001,9.6009998,1384.560167996565,3.0560812251782834,0.46299999999999997,3643.0
287778,13.179,11.015,7839.7686946059475,6.5625533312244855,0.35800001,3444.0
288032,14.624,11.757,32498.72353609481,5.787820269130153,0.141,2897.0
288151,14.505,11.741,11233.697789443535,6.007268546324828,0.16599999,2999.0
288359,14.192,11.714,3881.6421198769067,6.528115542820222,0.257,3239.0
288647,11.864,10.275,908.5899596392064,12.327919773115546,0.760979,4623.0
288847,10.798,8.382,717.3467355576282,1.2963818931084288,0.34799999,3339.0
289459,13.517999999999999,11.267999999999999,8649.502722762743,1.7120838803263203,0.34799999,3425.0
290607,11.779000000000002,9.8450003,2298.043984827175,14.645929594623466,0.61199999,3961.0
290652,11.954,10.002,7826.611805225266,8.658417284210776,0.61699998,3975.0
290721,13.431,11.072000000000001,6796.584308035551,2.1056530093102603,0.34799999,3425.0
292021,9.583000199999999,8.5170002,816.8264719833023,12.109260877024687,1.01626,5471.0
292217,9.119000400000001,8.300999599999999,729.591832735595,8.777498893801239,1.29272,6136.0
292275,11.172,10.145,3214.0137795993473,9.54538591948855,0.81894702,5621.0
292934,7.151,5.5640000999999994,597.6659074718403,20.07204288026522,0.79883498,4790.1802
292940,7.48,6.571000099999999,254.68806699383853,18.328450451783066,0.93018198,5831.0498
292958,6.780000200000001,5.9219999,491.5110067228912,7.667738773783925,1.6707900000000002,6209.6499
292983,8.123000099999999,7.059999900000001,635.1953069225973,5.3123446323072425,1.38471,5510.2998
293004,8.1920004,7.2259997999999985,187.4878320926625,16.508896641119975,1.16741,5726.8501
294668,13.655,11.1,10561.694571707205,8.426848715814296,0.26300001,3252.0
295362,13.183,10.883,6052.790053066048,6.09471729331979,0.39700001,3517.0
295534,11.448,9.4619999,8052.550612567232,10.070729845745047,0.60799998,3951.0
296034,10.613,8.2819996,2277.371149732637,1.1804417159681182,0.34299999,3415.0
296532,12.587,10.380999999999998,2631.0268091614457,3.1860418657924643,0.38999999,3505.0
296776,13.368,10.439,32093.094521472827,5.9417805435703,0.16,2916.0
297156,14.255999999999998,11.860999999999999,5681.13467451773,32.32137823275649,0.301,3332.0
297157,14.255999999999998,11.860999999999999,7789.021130497864,14.462379708480565,0.301,3332.0
297871,13.162,11.047,1513.4151818976432,8.843240863689555,0.43399999,3586.0
297873,13.162,11.047,2752.0654576409106,50.99167953439672,0.43399999,3586.0
297874,13.162,11.047,1271.1183408899115,2.8830959977720205,0.43399999,3586.0
297882,12.429,10.380999999999998,2530.4477497228745,5.511626870544849,0.44600001,3611.0
299011,11.245999999999999,9.0299997,3904.617503803213,3.6268565702344895,0.40200001,3526.0
299054,11.365,9.3409996,1982.4891563258545,3.5397457601354465,0.579,3880.0
299064,12.394,10.127,2741.058287958308,6.4959596639689,0.40299999999999997,3528.0
299245,12.5,10.26,6497.087479842761,3.988526112478605,0.38999999,3505.0
299857,13.377,11.020999999999999,6209.601570666501,5.825788749575613,0.33500001,3398.0
300043,12.491,10.295,2197.5302019895576,4.452415186204952,0.51599997,3747.0
301064,13.614,11.238,9203.680953321407,2.3763373612948158,0.33000001,3389.0
301526,11.890999999999998,10.522,1170.1797256997486,3.9904284892537762,0.65297902,5023.0098
301663,10.302,8.9090004,2103.9997824920392,1.0214423748718773,0.73829103,4924.0
301673,10.624,9.147000300000002,1083.6308351348227,4.391059741425931,0.74789399,4737.0
302189,7.3400002,7.0159997999999995,61.31585930452272,8.647502215390231,1.9429599999999998,7858.0
302392,10.661,9.328000099999999,188.1045158426841,1.1277209785055782,0.843297,5028.0
302486,8.770999900000001,6.7820000999999985,9029.484771609406,12.499911099025356,0.50700003,3741.0
303095,14.79,11.767999999999999,31571.42876878453,9.724901620335826,0.127,2798.0
304368,15.467,12.807,35530.34290580285,9.988021474005668,0.16599999,3002.0
304714,14.202,11.42,14923.245916208172,7.1974358612280325,0.16699999999999998,3005.0
308329,13.505999999999998,11.129000000000001,8175.982170785386,5.5170480395743855,0.32300001,3375.0
308451,14.138,11.625,11982.490176639772,1.6674961866723077,0.255,3235.0
309487,11.624,9.362999900000002,2301.3870340988888,2.868328829133324,0.205,3414.0
309763,12.609000000000002,10.255999999999998,6169.1734129287715,4.508036623342467,0.26100001,3247.0
312940,10.634,8.527999900000001,1052.6724451678408,6.342579886079616,0.43200001,3584.0
312941,10.634,8.527999900000001,1835.7572373386913,9.815746658719988,0.43200001,3584.0
314036,11.192,9.0760002,80648.29573293222,13.645893274077025,0.51200002,3738.0
314348,13.241,10.713,12168.930335345725,16.501109894128234,0.24100000000000002,3202.0
315828,7.0960002000000015,5.9320002,1070.1873207464637,5.995050784715858,0.961909,5303.3599
315970,7.014999900000001,6.2930002,140.9342465956443,9.088394791719276,1.4276201000000002,6264.2202
316083,9.802,8.8710003,6868.325702392072,10.491299112194973,1.14798,5816.0
316148,11.874,9.869999900000002,1419.4074269087855,2.6572816181709618,0.616,3971.0
316410,13.544,11.147,8339.437289240426,4.7986764829116435,0.23199999,3182.0
316482,13.689,11.41,8871.853352851505,6.2372173233126675,0.24100000000000002,3204.0
