# Bulbe : BC95, IMF x= 1.35 Y=0.28 Z=0.02 Age 10.0 Gyr
Dist,Mv,CL,Typ,LTef,logg,Age,Mass,B-V,U-B,V-I,V-K,V,[Fe/H],l,b,Av,Mbol
0.016,8.4,5,6.9,3.604,4.69,2,0.63,1.344,1.315,1.625,3.287,9.47,0.18,135.14,73.47,0.0,7.03
0.033,13.8,5,7.65,3.492,5.05,6,0.17,1.677,1.405,3.002,5.445,16.451,0.03,135.14,73.47,0.013,12.048
0.033,8.2,5,6.7,3.61,4.69,6,0.66,1.337,1.271,1.567,3.336,10.722,0.05,135.14,73.47,0.013,6.862
0.052,11.4,5,7.3,3.535,4.92,6,0.34,1.428,1.158,2.35,4.54,15.089,0.18,135.14,73.47,0.026,9.807
0.052,9.8,5,7.15,3.568,4.81,3,0.52,1.452,1.205,1.923,4.012,13.481,0.03,135.14,73.47,0.026,8.303
0.052,9.5,5,7.15,3.575,4.76,6,0.54,1.447,1.231,1.852,3.953,13.083,-0.02,135.14,73.47,0.026,8.003
0.052,9.0,5,7.0,3.587,4.75,5,0.59,1.414,1.22,1.766,3.694,12.671,-0.18,135.14,73.47,0.026,7.566
0.052,8.2,5,6.7,3.631,4.77,8,0.56,1.182,0.896,1.371,2.843,11.742,-0.88,135.14,73.47,0.026,7.513
0.052,5.2,5,5.04,3.771,4.52,8,0.81,0.517,-0.174,0.67,1.523,8.879,-1.1,135.14,73.47,0.026,5.084
0.071,11.3,5,7.3,3.537,4.92,6,0.36,1.533,1.154,2.286,4.461,15.599,-0.09,135.14,73.47,0.037,9.707
0.071,10.7,5,7.3,3.548,4.87,3,0.43,1.504,1.142,2.113,4.322,15.1,0.0,135.14,73.47,0.037,9.139
0.071,10.1,5,7.2,3.561,4.83,4,0.49,1.485,1.186,2.0,4.118,14.409,-0.08,135.14,73.47,0.037,8.571
0.071,10.1,5,7.2,3.561,4.83,5,0.49,1.482,1.184,1.995,4.14,14.426,-0.04,135.14,73.47,0.037,8.571
0.071,9.9,5,7.2,3.565,4.78,4,0.5,1.48,1.199,1.963,4.006,14.166,-0.16,135.14,73.47,0.037,8.371
0.071,9.8,5,7.15,3.568,4.81,4,0.52,1.437,1.208,1.935,3.923,14.061,0.08,135.14,73.47,0.037,8.303
0.071,8.8,5,7.0,3.593,4.73,7,0.61,1.401,1.23,1.727,3.648,13.113,-0.15,135.14,73.47,0.037,7.398
0.071,8.4,5,6.9,3.604,4.69,5,0.63,1.368,1.249,1.631,3.529,12.692,-0.1,135.14,73.47,0.037,7.03
0.071,5.0,5,5.5,3.75,4.46,5,0.97,0.712,0.261,0.765,1.68,9.229,0.17,135.14,73.47,0.037,4.315
0.071,3.9,5,4.6,3.8,4.35,3,1.21,0.511,0.014,0.561,1.225,8.124,0.02,135.14,73.47,0.037,3.374
0.071,2.5,4,4.7,3.78,3.73,5,1.44,0.556,0.033,0.638,1.424,6.895,-0.14,135.14,73.47,0.037,1.991
0.091,10.4,5,7.3,3.555,4.83,2,0.45,1.446,1.156,2.077,4.079,15.211,0.11,135.14,73.47,0.046,8.839
0.091,10.0,5,7.2,3.563,4.81,5,0.5,1.482,1.194,1.98,4.101,14.894,-0.07,135.14,73.47,0.046,8.471
0.091,9.7,5,7.15,3.57,4.79,5,0.53,1.471,1.213,1.919,3.952,14.531,-0.15,135.14,73.47,0.046,8.203
0.091,6.6,5,6.3,3.669,4.6,4,0.79,1.102,1.01,1.093,2.565,11.41,0.05,135.14,73.47,0.046,5.56
0.091,5.6,5,5.8,3.717,4.54,4,0.9,0.853,0.53,0.879,2.028,10.373,0.11,135.14,73.47,0.046,4.851
0.091,5.4,5,5.6,3.728,4.53,5,0.94,0.783,0.359,0.836,1.919,10.188,-0.07,135.14,73.47,0.046,4.683
0.091,10.8,5,7.14,3.569,5.01,8,0.28,1.506,1.166,2.269,3.695,15.698,-0.77,135.14,73.47,0.046,9.49
0.091,4.6,5,4.8,3.787,4.38,8,0.86,0.48,-0.157,0.618,1.404,9.465,-0.97,135.14,73.47,0.046,4.502
0.117,10.1,5,7.2,3.561,4.83,2,0.48,1.478,1.187,2.0,4.148,15.402,0.01,135.14,73.47,0.052,8.571
0.117,9.8,5,7.15,3.568,4.81,2,0.52,1.477,1.209,1.943,4.013,15.174,-0.12,135.14,73.47,0.052,8.303
0.117,9.8,5,7.15,3.568,4.81,3,0.52,1.425,1.209,1.944,3.92,15.291,0.16,135.14,73.47,0.052,8.303
0.117,9.7,5,7.15,3.57,4.78,4,0.52,1.419,1.221,1.92,3.901,15.014,0.18,135.14,73.47,0.052,8.203
0.117,9.7,5,7.15,3.57,4.79,5,0.53,1.468,1.219,1.913,4.016,15.065,-0.06,135.14,73.47,0.052,8.203
0.117,9.6,5,7.15,3.572,4.77,4,0.53,1.453,1.232,1.887,3.975,15.05,0.02,135.14,73.47,0.052,8.103
0.117,9.3,5,7.1,3.58,4.74,5,0.56,1.444,1.243,1.827,3.907,14.657,-0.03,135.14,73.47,0.052,7.834
0.117,9.2,5,7.1,3.582,4.74,2,0.57,1.437,1.247,1.808,3.883,14.634,-0.01,135.14,73.47,0.052,7.734
0.117,9.2,5,7.1,3.582,4.74,3,0.57,1.427,1.253,1.811,3.809,14.595,0.04,135.14,73.47,0.052,7.734
0.117,9.1,5,7.0,3.585,4.77,2,0.58,1.399,1.268,1.798,3.652,14.487,0.16,135.14,73.47,0.052,7.666
0.117,8.7,5,7.0,3.595,4.7,7,0.61,1.403,1.272,1.706,3.709,14.057,0.0,135.14,73.47,0.052,7.298
0.117,8.5,5,7.0,3.601,4.68,6,0.63,1.378,1.237,1.665,3.538,13.927,-0.18,135.14,73.47,0.052,7.098
0.117,7.7,5,6.7,3.626,4.63,3,0.69,1.3,1.329,1.428,3.076,13.177,0.28,135.14,73.47,0.052,6.393
0.117,6.6,5,6.3,3.669,4.59,6,0.76,1.1,0.989,1.09,2.565,12.074,-0.02,135.14,73.47,0.052,5.56
0.117,6.3,5,6.3,3.682,4.54,3,0.79,1.04,0.915,1.011,2.401,11.732,0.13,135.14,73.47,0.052,5.325
0.117,6.3,5,6.3,3.682,4.54,6,0.79,0.988,0.742,0.987,2.379,11.731,-0.34,135.14,73.47,0.052,5.325
0.117,6.4,5,6.3,3.678,4.58,7,0.8,1.061,0.96,1.031,2.459,11.868,0.11,135.14,73.47,0.052,5.425
0.117,6.4,5,6.3,3.678,4.58,7,0.81,1.03,0.851,1.014,2.441,11.815,-0.18,135.14,73.47,0.052,5.425
0.117,5.9,5,6.1,3.701,4.56,2,0.88,0.925,0.658,0.918,2.167,11.265,0.02,135.14,73.47,0.052,5.055
0.117,5.4,5,5.8,3.728,4.49,6,0.91,0.751,0.241,0.838,1.92,10.814,-0.41,135.14,73.47,0.052,4.651
0.117,4.4,5,5.0,3.76,4.29,7,0.98,0.611,0.008,0.72,1.599,9.795,-0.41,135.14,73.47,0.052,3.747
0.117,4.8,5,5.3,3.76,4.43,5,1.01,0.649,0.113,0.72,1.594,10.18,-0.07,135.14,73.47,0.052,4.147
0.117,4.0,5,5.0,3.76,4.13,7,1.05,0.609,0.009,0.72,1.595,9.471,-0.41,135.14,73.47,0.052,3.347
0.117,4.9,5,5.4,3.76,4.47,2,1.06,0.634,0.069,0.72,1.598,10.329,-0.21,135.14,73.47,0.052,4.247
0.117,9.4,5,6.95,3.596,4.89,8,0.44,1.356,1.038,1.834,3.311,14.786,-1.01,135.14,73.47,0.052,8.405
0.117,5.6,5,5.28,3.755,4.58,8,0.77,0.625,0.008,0.741,1.654,10.913,-0.54,135.14,73.47,0.052,5.457
0.117,5.2,5,5.04,3.771,4.52,8,0.81,0.51,-0.21,0.688,1.558,10.683,-1.43,135.14,73.47,0.052,5.084
0.147,9.2,5,7.1,3.582,4.74,6,0.57,1.442,1.216,1.827,3.724,15.002,-0.28,135.14,73.47,0.059,7.734
0.147,8.6,5,7.0,3.598,4.7,5,0.61,1.383,1.295,1.695,3.48,14.433,0.07,135.14,73.47,0.059,7.198
0.147,8.6,5,7.0,3.598,4.71,6,0.62,1.378,1.184,1.696,3.462,14.426,-0.39,135.14,73.47,0.059,7.198
0.147,8.5,5,7.0,3.601,4.68,2,0.62,1.388,1.271,1.666,3.614,14.465,-0.06,135.14,73.47,0.059,7.098
0.147,8.4,5,6.9,3.604,4.69,3,0.63,1.372,1.243,1.64,3.524,14.197,-0.14,135.14,73.47,0.059,7.03
0.147,7.9,5,6.7,3.62,4.64,5,0.67,1.29,1.144,1.484,3.181,13.816,-0.33,135.14,73.47,0.059,6.562
0.147,7.8,5,6.7,3.623,4.65,7,0.67,1.276,1.134,1.45,3.135,13.785,-0.32,135.14,73.47,0.059,6.493
0.147,7.6,5,6.5,3.63,4.64,2,0.69,1.286,1.298,1.401,3.034,13.447,0.21,135.14,73.47,0.059,6.325
0.147,7.3,5,6.5,3.641,4.64,7,0.73,1.189,1.016,1.299,2.868,13.122,-0.44,135.14,73.47,0.059,6.065
0.147,6.9,5,6.4,3.656,4.6,5,0.74,1.174,1.109,1.197,2.739,12.709,0.03,135.14,73.47,0.059,5.795
0.147,7.0,5,6.5,3.652,4.61,5,0.75,1.159,1.021,1.215,2.77,12.92,-0.29,135.14,73.47,0.059,5.83
0.147,6.7,5,6.4,3.664,4.57,6,0.75,1.11,0.978,1.121,2.62,12.678,-0.15,135.14,73.47,0.059,5.595
0.147,6.4,5,6.3,3.678,4.55,5,0.79,1.026,0.834,1.013,2.444,12.287,-0.23,135.14,73.47,0.059,5.36
0.147,5.6,5,6.0,3.717,4.49,7,0.86,0.807,0.35,0.872,2.03,11.573,-0.38,135.14,73.47,0.059,4.82
0.147,5.7,5,6.0,3.712,4.53,6,0.88,0.878,0.567,0.895,2.085,11.639,0.06,135.14,73.47,0.059,4.92
0.147,5.9,5,6.0,3.701,4.59,7,0.89,0.893,0.54,0.914,2.161,11.839,-0.32,135.14,73.47,0.059,5.12
0.147,5.5,5,5.8,3.723,4.51,5,0.94,0.82,0.44,0.859,1.988,11.47,0.01,135.14,73.47,0.059,4.751
0.147,4.0,5,5.0,3.77,4.2,6,1.1,0.576,-0.023,0.685,1.536,9.971,-0.42,135.14,73.47,0.059,3.379
0.147,3.8,5,4.8,3.78,4.18,6,1.11,0.541,-0.051,0.647,1.462,9.751,-0.42,135.14,73.47,0.059,3.21
0.147,4.4,5,5.0,3.78,4.42,3,1.13,0.595,0.086,0.647,1.444,10.276,0.11,135.14,73.47,0.059,3.81
0.147,4.0,5,4.8,3.78,4.25,5,1.15,0.585,0.063,0.647,1.448,9.865,0.02,135.14,73.47,0.059,3.41
0.147,3.9,5,4.7,3.79,4.31,5,1.19,0.558,0.058,0.608,1.344,9.794,0.08,135.14,73.47,0.059,3.342
0.147,3.3,4,4.8,3.79,4.03,5,1.23,0.546,0.037,0.608,1.345,9.154,-0.03,135.14,73.47,0.059,2.815
0.147,3.0,4,4.8,3.78,3.93,4,1.41,0.588,0.083,0.647,1.443,8.856,0.06,135.14,73.47,0.059,2.491
0.147,2.2,4,4.4,3.81,3.81,3,1.66,0.471,0.024,0.532,1.129,8.176,-0.05,135.14,73.47,0.059,1.763
0.147,8.4,5,6.75,3.623,4.78,8,0.54,1.243,0.994,1.464,2.994,14.315,-0.71,135.14,73.47,0.059,7.657
0.147,7.0,5,6.29,3.684,4.7,8,0.65,0.932,0.54,0.964,2.338,12.974,-0.93,135.14,73.47,0.059,6.625
0.147,5.6,5,5.28,3.755,4.58,8,0.77,0.633,0.028,0.744,1.659,11.499,-0.47,135.14,73.47,0.059,5.457
0.176,8.9,5,7.0,3.59,4.72,5,0.59,1.413,1.199,1.767,3.58,15.179,-0.37,135.14,73.47,0.062,7.466
0.176,8.6,5,7.0,3.598,4.7,7,0.61,1.377,1.175,1.698,3.438,14.868,-0.43,135.14,73.47,0.062,7.198
0.176,8.5,5,7.0,3.601,4.68,7,0.62,1.362,1.162,1.673,3.38,14.805,-0.48,135.14,73.47,0.062,7.098
0.176,8.5,5,7.0,3.601,4.68,6,0.63,1.384,1.251,1.668,3.572,14.869,-0.13,135.14,73.47,0.062,7.098
0.176,8.5,5,7.0,3.601,4.68,7,0.63,1.36,1.152,1.67,3.363,14.746,-0.52,135.14,73.47,0.062,7.098
0.176,8.4,5,6.9,3.604,4.7,5,0.64,1.375,1.251,1.641,3.546,14.752,-0.11,135.14,73.47,0.062,7.03
0.176,8.1,5,6.7,3.613,4.66,5,0.65,1.348,1.268,1.552,3.455,14.425,0.01,135.14,73.47,0.062,6.762
0.176,7.8,5,6.7,3.623,4.65,6,0.67,1.311,1.25,1.457,3.296,14.063,0.01,135.14,73.47,0.062,6.493
0.176,7.9,5,6.7,3.62,4.68,2,0.68,1.317,1.297,1.499,3.149,14.279,0.16,135.14,73.47,0.062,6.593
0.176,7.9,5,6.7,3.62,4.68,7,0.68,1.309,1.201,1.488,3.287,14.176,-0.15,135.14,73.47,0.062,6.593
0.176,7.8,5,6.7,3.623,4.66,3,0.69,1.307,1.303,1.466,3.115,14.078,0.19,135.14,73.47,0.062,6.493
0.176,7.0,5,6.5,3.652,4.6,7,0.74,1.144,0.972,1.211,2.761,13.37,-0.42,135.14,73.47,0.062,5.83
0.176,7.1,5,6.5,3.648,4.64,4,0.75,1.208,1.141,1.257,2.868,13.441,-0.02,135.14,73.47,0.062,5.93
0.176,6.8,5,6.4,3.66,4.61,7,0.76,1.152,1.074,1.165,2.688,13.109,0.02,135.14,73.47,0.062,5.695
0.176,6.1,5,6.2,3.692,4.56,6,0.85,0.952,0.671,0.954,2.277,12.447,-0.26,135.14,73.47,0.062,5.19
0.176,5.9,5,6.1,3.701,4.55,7,0.86,0.903,0.569,0.916,2.167,12.172,-0.23,135.14,73.47,0.062,5.055
0.176,5.9,5,6.1,3.701,4.55,6,0.87,0.9,0.559,0.915,2.165,12.264,-0.26,135.14,73.47,0.062,5.055
0.176,5.5,5,5.8,3.723,4.51,4,0.94,0.823,0.451,0.863,1.991,11.726,0.04,135.14,73.47,0.062,4.751
0.176,5.1,5,5.5,3.745,4.48,5,0.98,0.726,0.264,0.791,1.753,11.349,0.07,135.14,73.47,0.062,4.415
0.176,4.6,5,5.1,3.76,4.34,7,0.99,0.612,0.004,0.724,1.609,10.857,-0.44,135.14,73.47,0.062,3.947
0.176,4.9,5,5.4,3.76,4.44,5,1.0,0.622,0.028,0.724,1.609,11.106,-0.36,135.14,73.47,0.062,4.247
0.176,4.0,5,5.0,3.77,4.18,7,1.06,0.616,0.082,0.687,1.528,10.385,-0.05,135.14,73.47,0.062,3.379
0.176,3.4,5,4.7,3.79,4.1,5,1.22,0.567,0.084,0.609,1.341,9.686,0.16,135.14,73.47,0.062,2.842
0.176,3.6,5,4.6,3.8,4.24,4,1.26,0.52,0.028,0.571,1.245,9.813,0.03,135.14,73.47,0.062,3.074
0.176,6.8,5,6.21,3.695,4.68,8,0.66,0.871,0.393,0.921,2.211,13.02,-1.01,135.14,73.47,0.062,6.469
0.176,6.0,5,5.58,3.737,4.63,8,0.73,0.671,0.023,0.814,1.845,12.383,-0.97,135.14,73.47,0.062,5.812
0.176,5.4,5,5.15,3.763,4.55,8,0.79,0.584,-0.069,0.714,1.597,11.737,-0.7,135.14,73.47,0.062,5.272
0.176,2.6,3,5.53,3.702,3.21,8,0.93,0.854,0.307,0.892,2.134,8.945,-0.88,135.14,73.47,0.062,2.335
0.206,8.5,5,7.0,3.601,4.68,5,0.63,1.378,1.228,1.67,3.522,15.091,-0.22,135.14,73.47,0.063,7.098
0.206,8.4,5,6.9,3.604,4.7,6,0.64,1.37,1.229,1.643,3.501,15.02,-0.19,135.14,73.47,0.063,7.03
0.206,8.3,5,6.9,3.607,4.67,2,0.64,1.365,1.291,1.616,3.444,14.905,0.04,135.14,73.47,0.063,6.93
0.206,8.2,5,6.9,3.61,4.66,5,0.65,1.339,1.193,1.583,3.364,14.828,-0.27,135.14,73.47,0.063,6.83
0.206,7.9,5,6.7,3.62,4.64,6,0.67,1.306,1.193,1.487,3.266,14.63,-0.19,135.14,73.47,0.063,6.562
0.206,7.9,5,6.7,3.62,4.67,3,0.67,1.323,1.257,1.491,3.329,14.435,0.02,135.14,73.47,0.063,6.593
0.206,7.4,5,6.5,3.637,4.62,6,0.71,1.209,1.05,1.329,2.923,14.02,-0.4,135.14,73.47,0.063,6.125
0.206,7.4,5,6.5,3.637,4.62,3,0.72,1.255,1.196,1.34,3.076,13.999,-0.01,135.14,73.47,0.063,6.125
0.206,7.4,5,6.5,3.637,4.62,4,0.72,1.252,1.188,1.339,3.068,13.948,-0.03,135.14,73.47,0.063,6.125
0.206,7.3,5,6.5,3.641,4.63,3,0.72,1.23,1.147,1.311,2.983,13.92,-0.1,135.14,73.47,0.063,6.065
0.206,7.0,5,6.5,3.652,4.6,4,0.73,1.194,1.13,1.228,2.798,13.587,0.0,135.14,73.47,0.063,5.83
0.206,6.3,5,6.3,3.682,4.56,5,0.83,1.01,0.802,0.998,2.396,12.924,-0.18,135.14,73.47,0.063,5.325
0.206,6.2,5,6.2,3.687,4.59,5,0.84,0.997,0.792,0.982,2.345,12.826,-0.07,135.14,73.47,0.063,5.29
0.206,6.1,5,6.2,3.692,4.56,7,0.85,0.966,0.717,0.958,2.283,12.678,-0.13,135.14,73.47,0.063,5.19
0.206,5.9,5,6.1,3.701,4.54,6,0.85,0.904,0.569,0.916,2.168,12.45,-0.23,135.14,73.47,0.063,5.055
0.206,5.8,5,6.0,3.707,4.54,7,0.86,0.872,0.495,0.902,2.124,12.443,-0.29,135.14,73.47,0.063,5.02
0.206,5.9,5,6.1,3.701,4.55,4,0.87,0.92,0.629,0.92,2.174,12.611,-0.07,135.14,73.47,0.063,5.055
0.206,5.8,5,6.0,3.707,4.55,4,0.88,0.907,0.624,0.912,2.134,12.457,0.06,135.14,73.47,0.063,5.02
0.206,5.8,5,6.0,3.707,4.55,4,0.89,0.905,0.619,0.911,2.134,12.429,0.05,135.14,73.47,0.063,5.02
0.206,5.3,5,5.6,3.734,4.49,5,0.94,0.731,0.206,0.826,1.873,11.835,-0.39,135.14,73.47,0.063,4.583
0.206,4.9,5,5.4,3.75,4.41,7,0.94,0.695,0.188,0.767,1.707,11.553,-0.06,135.14,73.47,0.063,4.215
0.206,5.0,5,5.5,3.75,4.47,5,0.99,0.681,0.145,0.767,1.709,11.612,-0.2,135.14,73.47,0.063,4.315
0.206,4.4,5,5.0,3.76,4.3,7,1.02,0.612,0.003,0.725,1.609,11.069,-0.44,135.14,73.47,0.063,3.747
0.206,4.4,5,5.0,3.77,4.38,5,1.08,0.627,0.108,0.689,1.53,11.017,0.05,135.14,73.47,0.063,3.779
0.206,4.4,5,5.0,3.77,4.38,5,1.09,0.602,0.04,0.687,1.536,10.962,-0.19,135.14,73.47,0.063,3.779
0.206,-0.3,3,7.0,3.58,1.34,7,1.16,1.524,1.606,1.932,4.083,6.563,-0.37,135.14,73.47,0.063,-1.89
0.206,3.3,4,4.8,3.78,3.99,5,1.23,0.557,-0.005,0.649,1.459,9.865,-0.27,135.14,73.47,0.063,2.791
0.206,0.3,3,6.4,3.63,2.07,5,1.47,1.308,1.387,1.353,3.015,7.01,-0.03,135.14,73.47,0.063,-0.953
0.206,2.7,4,4.5,3.83,4.07,3,1.5,0.418,0.006,0.465,0.936,9.316,-0.04,135.14,73.47,0.063,2.311
0.206,2.1,4,4.3,3.85,3.96,3,1.7,0.348,0.022,0.378,0.792,8.679,-0.16,135.14,73.47,0.063,1.759
0.206,8.2,5,6.7,3.631,4.77,8,0.56,1.187,0.878,1.386,2.865,14.742,-0.97,135.14,73.47,0.063,7.513
0.206,5.4,5,5.15,3.763,4.55,8,0.79,0.613,0.017,0.714,1.591,12.015,-0.36,135.14,73.47,0.063,5.272
0.206,4.6,5,4.8,3.787,4.38,8,0.86,0.488,-0.147,0.625,1.418,11.289,-0.93,135.14,73.47,0.063,4.502
0.236,8.1,5,6.7,3.613,4.66,7,0.66,1.287,1.036,1.509,3.139,14.975,-0.77,135.14,73.47,0.064,6.762
0.236,7.8,5,6.7,3.623,4.66,7,0.69,1.265,1.09,1.451,3.066,14.808,-0.45,135.14,73.47,0.064,6.493
0.236,7.7,5,6.7,3.626,4.63,5,0.69,1.28,1.181,1.419,3.173,14.559,-0.17,135.14,73.47,0.064,6.393
0.236,7.6,5,6.5,3.63,4.65,4,0.7,1.285,1.268,1.402,3.026,14.617,0.12,135.14,73.47,0.064,6.325
0.236,7.5,5,6.5,3.633,4.62,7,0.7,1.247,1.142,1.361,3.053,14.353,-0.2,135.14,73.47,0.064,6.225
0.236,7.3,5,6.5,3.641,4.63,4,0.71,1.237,1.167,1.313,3.0,14.295,-0.04,135.14,73.47,0.064,6.065
0.236,7.2,5,6.5,3.644,4.61,5,0.72,1.233,1.218,1.299,2.886,14.099,0.15,135.14,73.47,0.064,5.965
0.236,7.1,5,6.5,3.648,4.63,3,0.73,1.21,1.147,1.258,2.872,14.051,-0.01,135.14,73.47,0.064,5.93
0.236,7.2,5,6.5,3.644,4.62,7,0.74,1.159,0.944,1.262,2.812,14.115,-0.61,135.14,73.47,0.064,5.965
0.236,7.1,5,6.5,3.648,4.63,6,0.74,1.2,1.114,1.255,2.858,14.123,-0.09,135.14,73.47,0.064,5.93
0.236,7.0,5,6.5,3.652,4.62,4,0.76,1.192,1.123,1.228,2.797,13.991,-0.02,135.14,73.47,0.064,5.83
0.236,6.7,5,6.4,3.664,4.59,6,0.78,1.15,1.117,1.15,2.65,13.689,0.21,135.14,73.47,0.064,5.595
0.236,6.5,5,6.3,3.673,4.57,6,0.78,1.022,0.784,1.039,2.495,13.498,-0.49,135.14,73.47,0.064,5.46
0.236,6.4,5,6.3,3.678,4.58,3,0.81,1.078,1.007,1.045,2.471,13.383,0.22,135.14,73.47,0.064,5.425
0.236,6.1,5,6.2,3.692,4.54,7,0.81,0.912,0.518,0.942,2.261,13.004,-0.7,135.14,73.47,0.064,5.19
0.236,6.1,5,6.2,3.692,4.56,2,0.84,0.977,0.753,0.961,2.288,13.12,-0.03,135.14,73.47,0.064,5.19
0.236,6.1,5,6.2,3.692,4.56,3,0.84,0.976,0.749,0.961,2.287,13.127,-0.04,135.14,73.47,0.064,5.19
0.236,6.0,5,6.1,3.697,4.57,5,0.86,0.957,0.725,0.944,2.23,12.993,0.04,135.14,73.47,0.064,5.155
0.236,5.9,5,6.1,3.701,4.55,7,0.87,0.873,0.456,0.91,2.157,12.852,-0.55,135.14,73.47,0.064,5.055
0.236,5.9,5,6.1,3.701,4.56,3,0.88,0.937,0.696,0.931,2.178,12.921,0.11,135.14,73.47,0.064,5.055
0.236,5.1,5,5.6,3.745,4.44,6,0.94,0.73,0.278,0.794,1.753,12.121,0.1,135.14,73.47,0.064,4.383
0.236,5.2,5,5.6,3.74,4.49,4,0.96,0.748,0.298,0.812,1.815,12.143,0.04,135.14,73.47,0.064,4.483
0.236,5.0,5,5.5,3.75,4.46,6,0.96,0.689,0.169,0.767,1.709,11.865,-0.12,135.14,73.47,0.064,4.315
0.236,5.2,5,5.6,3.74,4.49,4,0.97,0.739,0.266,0.809,1.815,12.141,-0.06,135.14,73.47,0.064,4.483
0.236,5.2,5,5.6,3.74,4.5,3,0.98,0.753,0.317,0.817,1.815,12.158,0.08,135.14,73.47,0.064,4.483
0.236,4.5,5,5.0,3.76,4.33,7,0.98,0.604,-0.022,0.725,1.612,11.391,-0.53,135.14,73.47,0.064,3.847
0.236,5.1,5,5.5,3.745,4.48,3,0.99,0.716,0.227,0.785,1.754,12.058,-0.04,135.14,73.47,0.064,4.415
0.236,4.8,5,5.3,3.76,4.42,6,0.99,0.63,0.049,0.725,1.609,11.676,-0.29,135.14,73.47,0.064,4.147
0.236,4.8,5,5.3,3.76,4.42,6,1.0,0.639,0.076,0.725,1.607,11.791,-0.2,135.14,73.47,0.064,4.147
0.236,3.8,4,5.0,3.76,4.07,7,1.08,0.652,0.117,0.725,1.597,10.691,-0.06,135.14,73.47,0.064,3.243
0.236,3.9,5,5.0,3.77,4.19,6,1.1,0.564,-0.057,0.688,1.545,10.89,-0.57,135.14,73.47,0.064,3.279
0.236,4.5,5,5.0,3.78,4.44,3,1.11,0.585,0.056,0.649,1.457,11.404,0.01,135.14,73.47,0.064,3.91
0.236,3.7,4,5.4,3.71,3.79,7,1.14,0.822,0.3,0.879,2.081,10.585,-0.67,135.14,73.47,0.064,2.876
0.236,4.0,5,4.7,3.79,4.35,3,1.19,0.573,0.08,0.61,1.345,10.947,0.17,135.14,73.47,0.064,3.442
0.236,3.7,5,4.6,3.8,4.27,4,1.24,0.51,0.001,0.573,1.253,10.612,-0.09,135.14,73.47,0.064,3.174
0.236,5.6,5,5.28,3.755,4.58,8,0.77,0.608,-0.054,0.747,1.669,12.535,-0.8,135.14,73.47,0.064,5.457
0.236,5.4,5,5.15,3.763,4.55,8,0.79,0.622,0.043,0.714,1.589,12.367,-0.27,135.14,73.47,0.064,5.272
0.266,7.7,5,6.7,3.626,4.63,7,0.69,1.227,0.999,1.398,2.961,14.846,-0.7,135.14,73.47,0.064,6.393
0.266,7.6,5,6.7,3.63,4.61,3,0.69,1.277,1.21,1.389,3.177,14.812,-0.06,135.14,73.47,0.064,6.293
0.266,7.7,5,6.7,3.626,4.64,6,0.7,1.268,1.14,1.417,3.111,14.873,-0.28,135.14,73.47,0.064,6.393
0.266,7.4,5,6.5,3.637,4.61,7,0.7,1.218,1.078,1.331,2.952,14.615,-0.33,135.14,73.47,0.064,6.125
0.266,7.5,5,6.5,3.633,4.63,6,0.71,1.235,1.099,1.359,3.001,14.672,-0.32,135.14,73.47,0.064,6.225
0.266,7.3,5,6.5,3.641,4.63,7,0.72,1.155,0.883,1.275,2.817,14.563,-0.85,135.14,73.47,0.064,6.065
0.266,7.1,5,6.5,3.648,4.58,4,0.72,1.196,1.102,1.252,2.851,14.322,-0.13,135.14,73.47,0.064,5.865
0.266,7.3,5,6.5,3.641,4.64,4,0.73,1.239,1.174,1.314,3.006,14.466,-0.02,135.14,73.47,0.064,6.065
0.266,7.1,5,6.5,3.648,4.59,5,0.73,1.211,1.153,1.258,2.87,14.303,0.01,135.14,73.47,0.064,5.865
0.266,6.7,5,6.4,3.664,4.57,4,0.75,1.138,1.082,1.142,2.645,13.948,0.13,135.14,73.47,0.064,5.595
0.266,6.7,5,6.4,3.664,4.58,5,0.77,1.155,1.134,1.15,2.651,13.848,0.26,135.14,73.47,0.064,5.595
0.266,6.6,5,6.3,3.669,4.59,6,0.77,1.059,0.857,1.08,2.557,13.762,-0.38,135.14,73.47,0.064,5.56
0.266,6.6,5,6.3,3.669,4.6,5,0.79,1.111,1.032,1.105,2.587,13.782,0.09,135.14,73.47,0.064,5.56
0.266,6.1,5,6.2,3.692,4.55,7,0.82,0.924,0.569,0.947,2.267,13.304,-0.55,135.14,73.47,0.064,5.19
0.266,6.0,5,6.2,3.697,4.53,3,0.84,0.952,0.7,0.938,2.227,13.284,-0.02,135.14,73.47,0.064,5.09
0.266,6.2,5,6.2,3.687,4.59,7,0.85,0.988,0.76,0.98,2.341,13.308,-0.16,135.14,73.47,0.064,5.29
0.266,5.7,5,6.0,3.712,4.54,6,0.9,0.855,0.477,0.89,2.084,12.788,-0.2,135.14,73.47,0.064,4.92
0.266,5.5,5,5.8,3.723,4.5,4,0.93,0.811,0.402,0.859,1.991,12.68,-0.09,135.14,73.47,0.064,4.751
0.266,5.2,5,5.6,3.74,4.47,6,0.93,0.723,0.215,0.809,1.815,12.31,-0.21,135.14,73.47,0.064,4.483
0.266,5.5,5,5.8,3.723,4.51,5,0.95,0.827,0.461,0.866,1.993,12.753,0.06,135.14,73.47,0.064,4.751
0.266,4.9,5,5.4,3.76,4.44,5,1.0,0.652,0.115,0.725,1.605,12.07,-0.07,135.14,73.47,0.064,4.247
0.266,4.3,5,5.0,3.76,4.25,7,1.0,0.607,-0.008,0.725,1.609,11.573,-0.48,135.14,73.47,0.064,3.647
0.266,4.9,5,5.4,3.76,4.45,4,1.01,0.66,0.136,0.725,1.604,12.116,0.0,135.14,73.47,0.064,4.247
0.266,4.4,5,5.0,3.76,4.31,7,1.03,0.617,0.017,0.725,1.609,11.601,-0.4,135.14,73.47,0.064,3.747
0.266,4.0,5,5.0,3.76,4.12,7,1.03,0.607,0.0,0.725,1.606,11.286,-0.45,135.14,73.47,0.064,3.347
0.266,4.5,5,5.0,3.77,4.42,5,1.08,0.615,0.073,0.688,1.535,11.715,-0.07,135.14,73.47,0.064,3.879
0.266,3.8,4,5.4,3.72,3.86,7,1.08,0.787,0.273,0.858,2.005,10.98,-0.45,135.14,73.47,0.064,3.022
0.266,4.5,5,5.0,3.77,4.42,4,1.09,0.624,0.1,0.688,1.532,11.68,0.02,135.14,73.47,0.064,3.879
0.266,4.1,5,4.8,3.78,4.33,5,1.13,0.574,0.028,0.649,1.458,11.292,-0.11,135.14,73.47,0.064,3.51
0.266,4.0,5,5.0,3.77,4.21,6,1.13,0.605,0.051,0.688,1.533,11.235,-0.16,135.14,73.47,0.064,3.379
0.266,4.3,5,5.0,3.78,4.42,2,1.16,0.567,0.008,0.649,1.461,11.567,-0.18,135.14,73.47,0.064,3.71
0.266,1.4,3,6.0,3.65,2.55,7,1.17,1.203,1.052,1.178,2.747,8.513,-0.32,135.14,73.47,0.064,0.285
0.266,1.7,3,6.0,3.66,2.77,6,1.26,1.153,0.956,1.105,2.626,8.917,-0.31,135.14,73.47,0.064,0.642
0.266,3.1,4,4.8,3.79,3.98,5,1.29,0.556,0.06,0.61,1.347,10.339,0.05,135.14,73.47,0.064,2.615
0.266,2.0,5,3.5,3.91,4.18,2,1.82,0.179,0.11,0.188,0.443,9.213,0.04,135.14,73.47,0.064,1.824
0.266,0.6,3,3.5,3.95,3.88,2,2.44,0.049,0.075,0.084,0.199,7.747,0.0,135.14,73.47,0.064,0.5
0.266,6.4,5,5.93,3.716,4.66,8,0.7,0.767,0.162,0.866,2.038,13.598,-1.07,135.14,73.47,0.064,6.148
0.266,6.2,5,5.75,3.726,4.65,8,0.71,0.731,0.129,0.844,1.952,13.304,-0.88,135.14,73.47,0.064,5.982
0.266,5.4,5,5.15,3.763,4.55,8,0.79,0.57,-0.111,0.715,1.603,12.665,-0.88,135.14,73.47,0.064,5.272
0.296,7.4,5,6.5,3.637,4.61,5,0.7,1.216,1.071,1.33,2.945,14.808,-0.35,135.14,73.47,0.064,6.125
0.296,7.5,5,6.5,3.633,4.63,4,0.71,1.272,1.251,1.376,2.992,14.844,0.11,135.14,73.47,0.064,6.225
0.296,7.4,5,6.5,3.637,4.62,4,0.72,1.241,1.151,1.336,3.029,14.732,-0.14,135.14,73.47,0.064,6.125
0.296,7.2,5,6.5,3.644,4.62,5,0.73,1.207,1.105,1.281,2.904,14.647,-0.17,135.14,73.47,0.064,5.965
0.296,7.1,5,6.5,3.648,4.64,4,0.75,1.203,1.125,1.256,2.863,14.469,-0.06,135.14,73.47,0.064,5.93
0.296,6.9,5,6.4,3.656,4.61,2,0.75,1.175,1.104,1.198,2.742,14.401,0.01,135.14,73.47,0.064,5.795
0.296,6.9,5,6.5,3.656,4.59,7,0.76,1.166,1.076,1.194,2.736,14.322,-0.07,135.14,73.47,0.064,5.73
0.296,6.6,5,6.4,3.669,4.56,2,0.76,1.113,1.039,1.105,2.586,14.014,0.11,135.14,73.47,0.064,5.495
0.296,6.6,5,6.4,3.669,4.56,6,0.76,1.106,1.001,1.095,2.577,13.992,0.01,135.14,73.47,0.064,5.495
0.296,6.8,5,6.4,3.66,4.62,5,0.78,1.136,1.017,1.159,2.68,14.301,-0.14,135.14,73.47,0.064,5.695
0.296,6.5,5,6.3,3.673,4.57,6,0.78,1.077,0.95,1.057,2.516,13.991,-0.03,135.14,73.47,0.064,5.46
0.296,6.7,5,6.4,3.664,4.59,2,0.79,1.135,1.074,1.141,2.644,14.02,0.11,135.14,73.47,0.064,5.595
0.296,6.7,5,6.4,3.664,4.59,4,0.79,1.133,1.064,1.139,2.642,14.106,0.09,135.14,73.47,0.064,5.595
0.296,6.5,5,6.3,3.673,4.57,5,0.79,1.072,0.934,1.056,2.514,13.93,-0.07,135.14,73.47,0.064,5.46
0.296,6.4,5,6.3,3.678,4.55,5,0.79,1.087,1.042,1.045,2.478,13.807,0.31,135.14,73.47,0.064,5.36
0.296,6.2,5,6.2,3.687,4.58,5,0.82,0.964,0.682,0.972,2.332,13.68,-0.38,135.14,73.47,0.064,5.29
0.296,6.1,5,6.2,3.692,4.55,6,0.82,0.965,0.713,0.958,2.283,13.464,-0.14,135.14,73.47,0.064,5.19
0.296,6.2,5,6.2,3.687,4.59,4,0.84,1.005,0.815,0.985,2.348,13.65,-0.01,135.14,73.47,0.064,5.29
0.296,6.2,5,6.2,3.687,4.59,6,0.85,0.977,0.726,0.977,2.337,13.558,-0.26,135.14,73.47,0.064,5.29
0.296,6.1,5,6.2,3.692,4.56,4,0.85,0.963,0.707,0.958,2.283,13.617,-0.16,135.14,73.47,0.064,5.19
0.296,6.0,5,6.1,3.697,4.57,7,0.87,0.925,0.609,0.934,2.218,13.357,-0.28,135.14,73.47,0.064,5.155
0.296,6.0,5,6.1,3.697,4.58,7,0.88,0.952,0.708,0.941,2.229,13.476,0.0,135.14,73.47,0.064,5.155
0.296,5.7,5,6.0,3.712,4.53,5,0.88,0.863,0.507,0.89,2.087,13.066,-0.11,135.14,73.47,0.064,4.92
0.296,5.9,5,6.1,3.701,4.56,7,0.89,0.915,0.613,0.919,2.173,13.418,-0.12,135.14,73.47,0.064,5.055
0.296,5.7,5,6.0,3.712,4.53,2,0.89,0.884,0.582,0.9,2.09,13.195,0.09,135.14,73.47,0.064,4.92
0.296,5.3,5,5.6,3.734,4.46,7,0.89,0.738,0.227,0.826,1.874,12.63,-0.32,135.14,73.47,0.064,4.583
0.296,5.7,5,6.0,3.712,4.54,6,0.91,0.836,0.409,0.888,2.079,13.119,-0.38,135.14,73.47,0.064,4.92
0.296,5.7,5,5.8,3.712,4.57,7,0.92,0.82,0.348,0.886,2.076,13.08,-0.57,135.14,73.47,0.064,4.951
0.296,5.4,5,5.8,3.728,4.5,5,0.93,0.79,0.367,0.843,1.935,12.775,-0.06,135.14,73.47,0.064,4.651
0.296,5.1,5,5.6,3.745,4.44,6,0.94,0.695,0.162,0.785,1.755,12.547,-0.25,135.14,73.47,0.064,4.383
0.296,5.4,5,5.6,3.728,4.53,4,0.95,0.771,0.301,0.843,1.933,12.884,-0.25,135.14,73.47,0.064,4.683
0.296,4.7,5,5.2,3.75,4.35,7,0.96,0.706,0.222,0.77,1.705,12.139,0.04,135.14,73.47,0.064,4.015
0.296,4.4,5,5.0,3.76,4.29,7,0.98,0.633,0.062,0.725,1.605,11.875,-0.25,135.14,73.47,0.064,3.747
0.296,5.0,5,5.5,3.75,4.47,4,1.0,0.688,0.166,0.767,1.709,12.406,-0.13,135.14,73.47,0.064,4.315
0.296,4.5,5,5.0,3.76,4.33,7,1.0,0.622,0.031,0.725,1.608,12.009,-0.35,135.14,73.47,0.064,3.847
0.296,4.3,5,5.0,3.76,4.26,7,1.01,0.588,-0.063,0.725,1.616,11.68,-0.71,135.14,73.47,0.064,3.647
0.296,4.9,5,5.4,3.76,4.47,2,1.05,0.647,0.099,0.725,1.607,12.406,-0.12,135.14,73.47,0.064,4.247
0.296,4.1,5,5.0,3.77,4.22,7,1.05,0.573,-0.035,0.688,1.542,11.578,-0.47,135.14,73.47,0.064,3.479
0.296,4.7,5,5.3,3.76,4.44,3,1.06,0.65,0.107,0.725,1.605,12.114,-0.1,135.14,73.47,0.064,4.047
0.296,4.0,5,5.0,3.76,4.13,7,1.06,0.608,0.0,0.725,1.606,11.338,-0.45,135.14,73.47,0.064,3.347
0.296,4.7,5,5.2,3.77,4.46,3,1.07,0.629,0.112,0.69,1.531,12.199,0.07,135.14,73.47,0.064,4.079
0.296,3.6,5,5.0,3.77,4.05,6,1.14,0.597,0.033,0.688,1.533,11.089,-0.23,135.14,73.47,0.064,2.979
0.296,4.0,5,4.7,3.79,4.35,4,1.18,0.561,0.063,0.61,1.348,11.47,0.1,135.14,73.47,0.064,3.442
0.296,3.5,3,5.6,3.69,3.63,6,1.18,1.031,0.843,0.962,2.288,10.947,0.18,135.14,73.47,0.064,2.582
0.296,3.3,4,5.2,3.75,3.84,6,1.2,0.669,0.118,0.767,1.704,10.731,-0.28,135.14,73.47,0.064,2.663
0.296,3.8,5,4.7,3.79,4.25,4,1.21,0.546,0.026,0.61,1.354,11.283,-0.05,135.14,73.47,0.064,3.242
0.296,3.1,4,4.7,3.81,4.11,4,1.38,0.494,0.036,0.531,1.132,10.499,0.11,135.14,73.47,0.064,2.663
0.296,6.4,5,5.93,3.716,4.66,8,0.7,0.843,0.479,0.881,2.054,13.725,-0.09,135.14,73.47,0.064,6.148
0.296,1.8,3,5.65,3.691,2.83,8,0.93,0.886,0.281,0.928,2.241,9.142,-1.4,135.14,73.47,0.064,1.502
0.326,7.2,5,6.5,3.644,4.61,5,0.72,1.224,1.158,1.285,2.938,14.746,-0.03,135.14,73.47,0.064,5.965
0.326,6.8,5,6.4,3.66,4.6,5,0.75,1.152,1.071,1.165,2.689,14.362,0.01,135.14,73.47,0.064,5.695
0.326,6.8,5,6.4,3.66,4.61,5,0.77,1.147,1.053,1.163,2.686,14.354,-0.04,135.14,73.47,0.064,5.695
0.326,6.6,5,6.3,3.669,4.6,4,0.78,1.103,0.992,1.095,2.576,14.197,-0.02,135.14,73.47,0.064,5.56
0.326,6.4,5,6.3,3.678,4.55,4,0.78,1.072,0.985,1.041,2.468,14.092,0.17,135.14,73.47,0.064,5.36
0.326,6.2,5,6.2,3.687,4.57,6,0.81,0.976,0.72,0.975,2.336,13.776,-0.27,135.14,73.47,0.064,5.29
0.326,6.1,5,6.2,3.692,4.55,5,0.83,0.978,0.756,0.961,2.288,13.644,-0.02,135.14,73.47,0.064,5.19
0.326,6.0,5,6.1,3.697,4.56,5,0.85,0.931,0.629,0.935,2.22,13.572,-0.22,135.14,73.47,0.064,5.155
0.326,6.1,5,6.2,3.692,4.57,6,0.86,0.974,0.742,0.961,2.287,13.783,-0.06,135.14,73.47,0.064,5.19
0.326,6.0,5,6.1,3.697,4.58,7,0.88,0.899,0.52,0.928,2.208,13.604,-0.53,135.14,73.47,0.064,5.155
0.326,5.9,5,6.1,3.701,4.56,7,0.88,0.882,0.493,0.913,2.16,13.493,-0.45,135.14,73.47,0.064,5.055
0.326,5.4,5,5.8,3.728,4.49,6,0.91,0.773,0.307,0.843,1.933,13.024,-0.23,135.14,73.47,0.064,4.651
0.326,5.3,5,5.6,3.734,4.47,7,0.91,0.762,0.308,0.826,1.876,12.896,-0.08,135.14,73.47,0.064,4.583
0.326,5.6,5,5.8,3.717,4.56,7,0.94,0.851,0.508,0.88,2.045,13.293,0.04,135.14,73.47,0.064,4.851
0.326,4.9,5,5.4,3.75,4.41,7,0.94,0.687,0.164,0.767,1.708,12.601,-0.14,135.14,73.47,0.064,4.215
0.326,5.4,5,5.8,3.728,4.51,3,0.95,0.8,0.405,0.848,1.936,13.043,0.05,135.14,73.47,0.064,4.651
0.326,5.2,5,5.6,3.74,4.48,5,0.95,0.745,0.287,0.81,1.815,12.912,0.01,135.14,73.47,0.064,4.483
0.326,5.0,5,5.5,3.75,4.45,7,0.95,0.647,0.039,0.767,1.714,12.602,-0.55,135.14,73.47,0.064,4.315
0.326,5.3,5,5.6,3.734,4.5,4,0.96,0.77,0.334,0.826,1.877,12.85,-0.01,135.14,73.47,0.064,4.583
0.326,5.3,5,5.6,3.734,4.5,3,0.97,0.794,0.404,0.836,1.877,12.851,0.17,135.14,73.47,0.064,4.583
0.326,5.2,5,5.6,3.74,4.49,4,0.97,0.741,0.274,0.809,1.815,12.918,-0.03,135.14,73.47,0.064,4.483
0.326,5.0,5,5.5,3.75,4.47,5,0.98,0.706,0.224,0.771,1.708,12.69,0.05,135.14,73.47,0.064,4.315
0.326,5.0,5,5.5,3.75,4.48,3,1.01,0.695,0.188,0.767,1.709,12.611,-0.06,135.14,73.47,0.064,4.315
0.326,4.4,5,5.0,3.76,4.3,7,1.02,0.604,-0.02,0.725,1.611,11.954,-0.52,135.14,73.47,0.064,3.747
0.326,4.1,5,5.0,3.76,4.18,7,1.04,0.626,0.046,0.725,1.604,11.748,-0.3,135.14,73.47,0.064,3.447
0.326,4.6,5,5.1,3.77,4.42,5,1.05,0.589,0.004,0.688,1.54,12.137,-0.32,135.14,73.47,0.064,3.979
0.326,4.8,5,5.3,3.76,4.45,2,1.06,0.652,0.115,0.725,1.605,12.514,-0.07,135.14,73.47,0.064,4.147
0.326,4.5,5,5.0,3.77,4.41,5,1.06,0.603,0.042,0.688,1.537,12.177,-0.18,135.14,73.47,0.064,3.879
0.326,3.8,4,5.0,3.76,4.06,7,1.06,0.614,0.019,0.725,1.604,11.467,-0.39,135.14,73.47,0.064,3.243
0.326,4.7,5,5.2,3.77,4.46,3,1.07,0.626,0.104,0.689,1.532,12.26,0.04,135.14,73.47,0.064,4.079
0.326,4.5,5,5.0,3.77,4.41,5,1.07,0.596,0.022,0.688,1.539,12.203,-0.26,135.14,73.47,0.064,3.879
0.326,4.0,5,5.0,3.77,4.21,6,1.15,0.646,0.165,0.692,1.522,11.629,0.21,135.14,73.47,0.064,3.379
0.326,3.7,5,4.7,3.79,4.22,5,1.23,0.526,-0.022,0.611,1.362,11.307,-0.26,135.14,73.47,0.064,3.142
0.326,3.3,4,4.8,3.78,3.99,5,1.23,0.566,0.017,0.649,1.456,10.928,-0.18,135.14,73.47,0.064,2.791
0.326,3.6,5,4.7,3.79,4.18,5,1.24,0.564,0.073,0.61,1.346,11.17,0.12,135.14,73.47,0.064,3.042
0.326,3.6,5,4.6,3.8,4.24,4,1.25,0.506,-0.006,0.573,1.254,11.258,-0.13,135.14,73.47,0.064,3.074
0.326,1.9,3,6.2,3.67,2.91,5,1.29,1.124,0.954,1.037,2.508,9.556,-0.11,135.14,73.47,0.064,0.889
0.326,2.8,4,4.7,3.8,3.96,4,1.47,0.527,0.059,0.57,1.239,10.341,0.12,135.14,73.47,0.064,2.339
0.326,2.7,4,4.5,3.83,4.07,3,1.51,0.42,0.013,0.464,0.933,10.409,0.01,135.14,73.47,0.064,2.311
0.326,1.7,5,3.4,3.92,4.13,2,1.92,0.143,0.122,0.141,0.377,9.329,0.1,135.14,73.47,0.064,1.556
0.326,-0.7,3,6.1,3.67,2.25,2,3.2,1.164,1.04,1.034,2.498,6.945,-0.06,135.14,73.47,0.064,-1.711
0.326,5.0,5,4.95,3.777,4.48,8,0.82,0.504,-0.189,0.665,1.523,12.625,-1.23,135.14,73.47,0.064,4.893
0.326,4.6,5,4.8,3.787,4.38,8,0.86,0.498,-0.123,0.626,1.413,12.288,-0.78,135.14,73.47,0.064,4.502
0.326,4.0,5,4.73,3.793,4.18,8,0.9,0.484,-0.1,0.601,1.346,11.687,-0.66,135.14,73.47,0.064,3.911
0.326,3.8,4,4.56,3.789,4.1,8,0.91,0.468,-0.158,0.617,1.404,11.401,-1.15,135.14,73.47,0.064,3.712
0.356,6.7,5,6.4,3.664,4.58,7,0.76,1.129,1.033,1.13,2.633,14.509,0.0,135.14,73.47,0.064,5.595
0.356,6.8,5,6.4,3.66,4.61,7,0.77,1.112,0.944,1.151,2.669,14.595,-0.33,135.14,73.47,0.064,5.695
0.356,6.7,5,6.4,3.664,4.58,6,0.77,1.146,1.105,1.148,2.648,14.602,0.18,135.14,73.47,0.064,5.595
0.356,6.7,5,6.4,3.664,4.59,5,0.78,1.112,0.98,1.124,2.625,14.602,-0.14,135.14,73.47,0.064,5.595
0.356,6.6,5,6.3,3.669,4.6,5,0.78,1.103,0.991,1.095,2.576,14.406,-0.02,135.14,73.47,0.064,5.56
0.356,6.6,5,6.3,3.669,4.6,7,0.78,1.028,0.736,1.062,2.534,14.405,-0.75,135.14,73.47,0.064,5.56
0.356,6.6,5,6.3,3.669,4.6,5,0.79,1.128,1.087,1.116,2.593,14.447,0.23,135.14,73.47,0.064,5.56
0.356,6.3,5,6.3,3.682,4.54,5,0.79,1.014,0.814,0.998,2.397,14.192,-0.15,135.14,73.47,0.064,5.325
0.356,6.5,5,6.3,3.673,4.58,7,0.8,1.043,0.848,1.046,2.504,14.319,-0.31,135.14,73.47,0.064,5.46
0.356,6.2,5,6.3,3.687,4.52,7,0.8,0.971,0.7,0.972,2.333,13.997,-0.32,135.14,73.47,0.064,5.225
0.356,6.4,5,6.3,3.678,4.59,6,0.82,1.028,0.838,1.017,2.45,14.17,-0.23,135.14,73.47,0.064,5.425
0.356,6.2,5,6.2,3.687,4.58,5,0.83,0.978,0.729,0.976,2.338,14.092,-0.25,135.14,73.47,0.064,5.29
0.356,6.0,5,6.2,3.697,4.53,7,0.84,0.934,0.638,0.934,2.221,13.797,-0.19,135.14,73.47,0.064,5.09
0.356,5.8,5,6.1,3.707,4.51,4,0.85,0.878,0.513,0.902,2.126,13.671,-0.24,135.14,73.47,0.064,4.955
0.356,5.7,5,6.0,3.712,4.51,5,0.85,0.847,0.444,0.888,2.081,13.511,-0.28,135.14,73.47,0.064,4.92
0.356,5.7,5,6.0,3.712,4.51,7,0.85,0.815,0.322,0.884,2.074,13.605,-0.64,135.14,73.47,0.064,4.92
0.356,6.0,5,6.1,3.697,4.57,5,0.87,0.95,0.698,0.94,2.228,13.874,-0.03,135.14,73.47,0.064,5.155
0.356,5.8,5,6.0,3.707,4.54,6,0.87,0.866,0.475,0.901,2.123,13.694,-0.35,135.14,73.47,0.064,5.02
0.356,5.7,5,6.0,3.712,4.52,7,0.87,0.817,0.333,0.884,2.075,13.433,-0.6,135.14,73.47,0.064,4.92
0.356,5.8,5,6.0,3.707,4.56,5,0.9,0.892,0.569,0.906,2.132,13.705,-0.09,135.14,73.47,0.064,5.02
0.356,5.2,5,5.6,3.74,4.46,7,0.9,0.697,0.131,0.809,1.815,13.108,-0.47,135.14,73.47,0.064,4.483
0.356,5.7,5,6.0,3.712,4.55,4,0.92,0.883,0.581,0.9,2.09,13.512,0.08,135.14,73.47,0.064,4.92
0.356,5.1,5,5.6,3.745,4.43,7,0.93,0.66,0.051,0.785,1.759,12.963,-0.62,135.14,73.47,0.064,4.383
0.356,5.1,5,5.6,3.745,4.44,7,0.94,0.665,0.069,0.785,1.758,12.952,-0.55,135.14,73.47,0.064,4.383
0.356,5.0,5,5.5,3.75,4.45,7,0.95,0.689,0.171,0.767,1.709,12.746,-0.12,135.14,73.47,0.064,4.315
0.356,4.9,5,5.4,3.75,4.41,7,0.95,0.667,0.104,0.767,1.71,12.776,-0.33,135.14,73.47,0.064,4.215
0.356,5.1,5,5.5,3.745,4.47,6,0.96,0.727,0.266,0.792,1.754,12.841,0.07,135.14,73.47,0.064,4.415
0.356,5.4,5,5.6,3.728,4.54,2,0.97,0.803,0.417,0.851,1.936,13.145,0.07,135.14,73.47,0.064,4.683
0.356,4.9,5,5.4,3.76,4.44,5,1.0,0.653,0.117,0.725,1.605,12.755,-0.06,135.14,73.47,0.064,4.247
0.356,4.6,5,5.1,3.76,4.34,7,1.0,0.631,0.055,0.725,1.607,12.38,-0.27,135.14,73.47,0.064,3.947
0.356,4.7,5,5.3,3.76,4.43,5,1.03,0.661,0.139,0.726,1.603,12.531,0.01,135.14,73.47,0.064,4.047
0.356,5.0,5,5.5,3.76,4.5,2,1.04,0.654,0.117,0.725,1.606,12.894,-0.06,135.14,73.47,0.064,4.347
0.356,4.1,5,5.0,3.77,4.23,6,1.08,0.594,0.02,0.688,1.537,11.866,-0.27,135.14,73.47,0.064,3.479
0.356,4.6,5,5.1,3.77,4.43,3,1.09,0.627,0.107,0.689,1.531,12.327,0.05,135.14,73.47,0.064,3.979
0.356,4.5,5,5.0,3.77,4.42,4,1.09,0.61,0.06,0.688,1.536,12.391,-0.12,135.14,73.47,0.064,3.879
0.356,3.8,5,5.0,3.77,4.1,7,1.09,0.607,0.058,0.688,1.531,11.645,-0.14,135.14,73.47,0.064,3.179
0.356,3.8,4,5.0,3.76,4.07,7,1.09,0.625,0.048,0.725,1.602,11.56,-0.29,135.14,73.47,0.064,3.243
0.356,4.2,5,5.0,3.77,4.27,6,1.1,0.616,0.08,0.688,1.532,12.032,-0.05,135.14,73.47,0.064,3.579
0.356,4.3,5,5.0,3.78,4.4,5,1.11,0.585,0.056,0.649,1.456,12.199,0.01,135.14,73.47,0.064,3.71
0.356,4.3,5,5.0,3.78,4.4,5,1.12,0.585,0.055,0.649,1.457,12.089,0.0,135.14,73.47,0.064,3.71
0.356,3.7,5,5.0,3.77,4.08,6,1.13,0.633,0.13,0.689,1.525,11.506,0.11,135.14,73.47,0.064,3.079
0.356,4.2,5,4.8,3.78,4.37,4,1.14,0.59,0.071,0.649,1.452,11.969,0.05,135.14,73.47,0.064,3.61
0.356,4.0,5,4.8,3.78,4.25,5,1.14,0.562,0.0,0.649,1.461,11.751,-0.23,135.14,73.47,0.064,3.41
0.356,2.6,3,6.2,3.67,3.15,7,1.16,1.116,0.943,1.04,2.513,10.477,-0.1,135.14,73.47,0.064,1.589
0.356,3.6,4,5.5,3.7,3.72,6,1.18,0.996,0.795,0.929,2.173,11.398,0.33,135.14,73.47,0.064,2.729
0.356,3.8,5,4.8,3.78,4.21,5,1.2,0.536,-0.066,0.65,1.469,11.556,-0.49,135.14,73.47,0.064,3.21
0.356,3.8,5,4.6,3.8,4.33,3,1.23,0.529,0.044,0.571,1.243,11.576,0.11,135.14,73.47,0.064,3.274
0.356,3.7,5,4.6,3.8,4.26,4,1.23,0.504,-0.013,0.573,1.256,11.581,-0.16,135.14,73.47,0.064,3.174
0.356,3.4,4,4.8,3.78,4.07,5,1.29,0.592,0.083,0.649,1.449,11.313,0.07,135.14,73.47,0.064,2.891
0.356,2.9,4,5.2,3.75,3.73,5,1.33,0.675,0.139,0.767,1.703,10.772,-0.22,135.14,73.47,0.064,2.263
0.356,2.5,4,4.5,3.83,4.0,3,1.56,0.427,0.045,0.458,0.916,10.368,0.14,135.14,73.47,0.064,2.111
0.356,0.6,3,6.1,3.67,2.48,4,1.58,1.161,1.048,1.036,2.504,8.395,0.01,135.14,73.47,0.064,-0.411
0.356,6.4,5,5.93,3.716,4.66,8,0.7,0.805,0.341,0.877,2.045,14.126,-0.47,135.14,73.47,0.064,6.148
0.356,6.2,5,5.75,3.726,4.65,8,0.71,0.734,0.142,0.844,1.952,13.931,-0.84,135.14,73.47,0.064,5.982
0.356,5.8,5,5.42,3.746,4.61,8,0.75,0.661,0.054,0.783,1.754,13.588,-0.61,135.14,73.47,0.064,5.637
0.356,5.4,5,5.15,3.763,4.55,8,0.79,0.584,-0.07,0.714,1.599,13.296,-0.7,135.14,73.47,0.064,5.272
0.356,4.8,5,4.87,3.783,4.43,8,0.84,0.51,-0.123,0.64,1.452,12.637,-0.77,135.14,73.47,0.064,4.698
0.356,4.6,5,4.8,3.787,4.38,8,0.86,0.518,-0.071,0.625,1.401,12.453,-0.46,135.14,73.47,0.064,4.502
0.356,3.8,4,4.56,3.789,4.1,8,0.91,0.503,-0.079,0.615,1.381,11.714,-0.54,135.14,73.47,0.064,3.712
0.386,6.6,5,6.4,3.669,4.56,4,0.76,1.103,0.988,1.093,2.574,14.542,-0.02,135.14,73.47,0.064,5.495
0.386,6.4,5,6.3,3.678,4.57,5,0.78,1.078,1.009,1.045,2.471,14.301,0.22,135.14,73.47,0.064,5.425
0.386,6.5,5,6.3,3.673,4.58,5,0.8,1.073,0.937,1.056,2.515,14.502,-0.06,135.14,73.47,0.064,5.46
0.386,6.3,5,6.3,3.682,4.56,7,0.82,0.975,0.695,0.987,2.383,14.269,-0.49,135.14,73.47,0.064,5.325
0.386,6.1,5,6.2,3.692,4.55,5,0.83,0.945,0.644,0.953,2.275,14.016,-0.33,135.14,73.47,0.064,5.19
0.386,6.0,5,6.1,3.697,4.55,5,0.83,0.93,0.625,0.934,2.219,13.963,-0.23,135.14,73.47,0.064,5.155
0.386,5.9,5,6.1,3.701,4.55,4,0.87,0.935,0.685,0.929,2.178,13.86,0.08,135.14,73.47,0.064,5.055
0.386,5.4,5,5.8,3.728,4.48,7,0.88,0.79,0.367,0.843,1.935,13.406,-0.06,135.14,73.47,0.064,4.651
0.386,5.4,5,5.8,3.728,4.48,7,0.89,0.762,0.27,0.843,1.931,13.447,-0.34,135.14,73.47,0.064,4.651
0.386,5.8,5,6.0,3.707,4.56,7,0.9,0.872,0.499,0.903,2.125,13.792,-0.29,135.14,73.47,0.064,5.02
0.386,5.2,5,5.6,3.74,4.46,7,0.9,0.716,0.191,0.809,1.815,13.152,-0.29,135.14,73.47,0.064,4.483
0.386,5.7,5,6.0,3.712,4.54,7,0.91,0.835,0.405,0.888,2.079,13.732,-0.39,135.14,73.47,0.064,4.92
0.386,5.5,5,5.8,3.723,4.49,5,0.91,0.827,0.461,0.866,1.992,13.574,0.06,135.14,73.47,0.064,4.751
0.386,5.4,5,5.8,3.728,4.5,5,0.93,0.81,0.435,0.853,1.936,13.317,0.12,135.14,73.47,0.064,4.651
0.386,5.3,5,5.6,3.734,4.49,5,0.94,0.791,0.397,0.836,1.876,13.382,0.15,135.14,73.47,0.064,4.583
0.386,4.8,5,5.3,3.75,4.37,7,0.94,0.636,0.007,0.767,1.716,12.825,-0.68,135.14,73.47,0.064,4.115
0.386,5.5,5,5.8,3.723,4.51,2,0.95,0.828,0.466,0.867,1.993,13.592,0.07,135.14,73.47,0.064,4.751
0.386,5.2,5,5.6,3.74,4.49,5,0.96,0.739,0.268,0.809,1.815,13.271,-0.05,135.14,73.47,0.064,4.483
0.386,5.2,5,5.5,3.74,4.51,5,0.97,0.727,0.229,0.809,1.815,13.206,-0.17,135.14,73.47,0.064,4.515
0.386,5.1,5,5.5,3.745,4.47,5,0.97,0.708,0.203,0.785,1.755,13.172,-0.12,135.14,73.47,0.064,4.415
0.386,5.0,5,5.5,3.75,4.47,5,0.98,0.65,0.05,0.767,1.713,12.96,-0.51,135.14,73.47,0.064,4.315
0.386,5.0,5,5.5,3.75,4.47,4,1.0,0.7,0.202,0.767,1.708,13.052,-0.02,135.14,73.47,0.064,4.315
0.386,1.8,3,6.2,3.66,2.75,7,1.15,1.124,0.857,1.1,2.617,9.776,-0.53,135.14,73.47,0.064,0.742
0.386,4.0,5,4.8,3.78,4.26,5,1.16,0.58,0.045,0.649,1.455,11.971,-0.05,135.14,73.47,0.064,3.41
0.386,3.6,5,4.8,3.78,4.11,6,1.16,0.593,0.085,0.649,1.449,11.536,0.08,135.14,73.47,0.064,3.01
0.386,3.4,4,4.8,3.78,4.04,6,1.19,0.576,0.04,0.649,1.453,11.338,-0.09,135.14,73.47,0.064,2.891
0.386,3.8,5,4.7,3.79,4.24,5,1.2,0.533,-0.006,0.611,1.359,11.76,-0.19,135.14,73.47,0.064,3.242
0.386,3.3,4,4.8,3.79,4.03,5,1.22,0.573,0.105,0.61,1.338,11.35,0.22,135.14,73.47,0.064,2.815
0.386,2.3,3,6.2,3.67,3.06,6,1.22,1.122,0.955,1.039,2.512,10.363,-0.08,135.14,73.47,0.064,1.289
0.386,3.1,4,4.8,3.78,3.92,5,1.25,0.566,0.024,0.649,1.454,11.177,-0.17,135.14,73.47,0.064,2.591
0.386,3.5,5,4.6,3.8,4.21,4,1.28,0.518,0.023,0.572,1.248,11.453,0.01,135.14,73.47,0.064,2.974
0.386,3.4,5,4.7,3.79,4.12,5,1.29,0.583,0.128,0.612,1.34,11.333,0.3,135.14,73.47,0.064,2.842
0.386,3.4,5,4.6,3.8,4.18,4,1.31,0.517,0.024,0.572,1.248,11.321,0.0,135.14,73.47,0.064,2.874
0.386,3.3,4,4.8,3.79,4.06,4,1.32,0.574,0.104,0.61,1.339,11.286,0.22,135.14,73.47,0.064,2.815
0.386,1.9,4,4.4,3.81,3.72,3,1.76,0.476,0.041,0.532,1.128,9.906,0.0,135.14,73.47,0.064,1.463
0.386,-1.2,3,2.9,4.03,3.51,2,3.79,-0.073,-0.217,-0.034,-0.119,6.727,-0.01,135.14,73.47,0.064,-1.108
0.386,6.2,5,5.75,3.726,4.65,8,0.71,0.721,0.086,0.842,1.952,14.219,-1.04,135.14,73.47,0.064,5.982
0.386,5.8,5,5.42,3.746,4.61,8,0.75,0.66,0.052,0.784,1.754,13.793,-0.62,135.14,73.47,0.064,5.637
0.386,5.2,5,5.04,3.771,4.52,8,0.81,0.547,-0.115,0.684,1.548,13.127,-0.82,135.14,73.47,0.064,5.084
0.386,4.8,5,4.87,3.783,4.43,8,0.84,0.52,-0.094,0.64,1.445,12.84,-0.6,135.14,73.47,0.064,4.698
0.386,4.2,5,4.73,3.793,4.26,8,0.88,0.471,-0.134,0.602,1.357,12.194,-0.89,135.14,73.47,0.064,4.108
0.386,1.6,3,5.69,3.687,2.73,8,0.93,0.955,0.499,0.942,2.287,9.521,-0.81,135.14,73.47,0.064,1.291
0.416,6.3,5,6.3,3.682,4.54,5,0.79,1.004,0.782,0.995,2.393,14.377,-0.24,135.14,73.47,0.064,5.325
0.416,6.4,5,6.3,3.678,4.59,5,0.82,1.021,0.816,1.014,2.447,14.504,-0.29,135.14,73.47,0.064,5.425
0.416,6.2,5,6.2,3.687,4.58,7,0.82,0.974,0.715,0.975,2.336,14.392,-0.29,135.14,73.47,0.064,5.29
0.416,6.2,5,6.2,3.687,4.58,5,0.83,1.013,0.85,0.992,2.353,14.387,0.08,135.14,73.47,0.064,5.29
0.416,6.2,5,6.2,3.687,4.58,6,0.83,1.011,0.839,0.99,2.351,14.322,0.05,135.14,73.47,0.064,5.29
0.416,6.1,5,6.2,3.692,4.55,5,0.83,0.98,0.763,0.962,2.289,14.219,0.0,135.14,73.47,0.064,5.19
0.416,5.9,5,6.1,3.701,4.53,6,0.83,0.915,0.607,0.918,2.172,14.118,-0.13,135.14,73.47,0.064,5.055
0.416,6.1,5,6.2,3.692,4.57,6,0.86,0.976,0.752,0.962,2.288,14.208,-0.03,135.14,73.47,0.064,5.19
0.416,6.1,5,6.2,3.692,4.57,7,0.86,0.938,0.624,0.952,2.273,14.205,-0.39,135.14,73.47,0.064,5.19
0.416,5.3,5,5.8,3.734,4.45,7,0.9,0.741,0.236,0.826,1.874,13.497,-0.3,135.14,73.47,0.064,4.551
0.416,5.7,5,6.0,3.712,4.54,3,0.91,0.895,0.614,0.904,2.09,13.951,0.17,135.14,73.47,0.064,4.92
0.416,5.7,5,6.0,3.712,4.54,5,0.91,0.862,0.502,0.89,2.086,13.788,-0.13,135.14,73.47,0.064,4.92
0.416,5.5,5,5.8,3.723,4.49,6,0.91,0.801,0.366,0.859,1.989,13.735,-0.19,135.14,73.47,0.064,4.751
0.416,5.7,5,6.0,3.712,4.55,4,0.92,0.879,0.565,0.896,2.09,13.863,0.04,135.14,73.47,0.064,4.92
0.416,5.4,5,5.8,3.728,4.5,6,0.92,0.758,0.257,0.843,1.931,13.587,-0.38,135.14,73.47,0.064,4.651
0.416,5.3,5,5.6,3.734,4.48,6,0.92,0.744,0.246,0.826,1.875,13.511,-0.27,135.14,73.47,0.064,4.583
0.416,5.1,5,5.6,3.745,4.43,7,0.93,0.667,0.073,0.785,1.758,13.176,-0.53,135.14,73.47,0.064,4.383
0.416,5.2,5,5.6,3.74,4.48,6,0.94,0.742,0.276,0.809,1.815,13.329,-0.02,135.14,73.47,0.064,4.483
0.416,5.5,5,5.8,3.723,4.51,5,0.95,0.799,0.36,0.859,1.989,13.6,-0.21,135.14,73.47,0.064,4.751
0.416,4.9,5,5.4,3.75,4.41,7,0.95,0.69,0.174,0.767,1.708,13.149,-0.11,135.14,73.47,0.064,4.215
0.416,5.0,5,5.5,3.75,4.47,4,0.99,0.694,0.186,0.767,1.708,13.069,-0.07,135.14,73.47,0.064,4.315
0.416,4.9,5,5.4,3.75,4.43,5,0.99,0.691,0.177,0.767,1.708,12.984,-0.1,135.14,73.47,0.064,4.215
0.416,4.5,5,5.0,3.76,4.33,7,0.99,0.61,-0.003,0.725,1.611,12.682,-0.46,135.14,73.47,0.064,3.847
0.416,4.1,5,5.0,3.76,4.18,7,1.03,0.604,-0.011,0.725,1.608,12.22,-0.49,135.14,73.47,0.064,3.447
0.416,4.8,5,5.3,3.76,4.44,4,1.04,0.666,0.154,0.731,1.603,13.034,0.06,135.14,73.47,0.064,4.147
0.416,4.2,5,5.0,3.77,4.25,7,1.06,0.58,-0.016,0.688,1.54,12.386,-0.4,135.14,73.47,0.064,3.579
0.416,3.9,5,5.0,3.76,4.11,7,1.06,0.597,-0.027,0.725,1.609,12.113,-0.56,135.14,73.47,0.064,3.247
0.416,4.1,5,5.0,3.77,4.23,7,1.08,0.583,-0.007,0.688,1.539,12.218,-0.37,135.14,73.47,0.064,3.479
0.416,4.3,5,5.0,3.78,4.4,5,1.1,0.577,0.036,0.649,1.458,12.492,-0.07,135.14,73.47,0.064,3.71
0.416,3.3,4,4.8,3.78,3.99,5,1.23,0.561,0.004,0.649,1.458,11.462,-0.23,135.14,73.47,0.064,2.791
0.416,3.4,4,5.5,3.7,3.67,5,1.25,0.941,0.61,0.912,2.162,11.614,-0.09,135.14,73.47,0.064,2.529
0.416,3.5,5,4.6,3.8,4.21,4,1.27,0.532,0.054,0.571,1.241,11.737,0.13,135.14,73.47,0.064,2.974
0.416,3.3,4,4.8,3.79,4.06,5,1.31,0.546,0.033,0.61,1.351,11.451,-0.05,135.14,73.47,0.064,2.815
0.416,3.2,5,4.5,3.81,4.16,3,1.36,0.481,0.005,0.537,1.143,11.442,-0.03,135.14,73.47,0.064,2.706
0.416,6.2,5,5.75,3.726,4.65,8,0.71,0.757,0.242,0.849,1.952,14.321,-0.49,135.14,73.47,0.064,5.982
0.416,6.0,5,5.58,3.737,4.63,8,0.73,0.679,0.047,0.815,1.846,14.083,-0.88,135.14,73.47,0.064,5.812
0.416,5.8,5,5.42,3.746,4.61,8,0.75,0.658,0.044,0.784,1.755,13.966,-0.65,135.14,73.47,0.064,5.637
0.416,5.4,5,5.15,3.763,4.55,8,0.79,0.56,-0.141,0.715,1.606,13.656,-1.02,135.14,73.47,0.064,5.272
0.416,5.0,5,4.95,3.777,4.48,8,0.82,0.55,-0.056,0.661,1.494,13.245,-0.45,135.14,73.47,0.064,4.893
0.416,4.0,5,4.73,3.793,4.18,8,0.9,0.474,-0.122,0.601,1.353,12.113,-0.82,135.14,73.47,0.064,3.911
0.456,6.1,5,6.2,3.692,4.56,5,0.84,0.948,0.656,0.954,2.277,14.421,-0.3,135.14,73.47,0.064,5.19
0.456,5.9,5,6.1,3.701,4.54,6,0.84,0.916,0.614,0.919,2.173,14.204,-0.11,135.14,73.47,0.064,5.055
0.456,6.1,5,6.2,3.692,4.57,5,0.86,0.983,0.778,0.966,2.291,14.433,0.03,135.14,73.47,0.064,5.19
0.456,5.5,5,5.8,3.723,4.47,5,0.87,0.794,0.341,0.859,1.988,13.873,-0.26,135.14,73.47,0.064,4.751
0.456,5.5,5,5.8,3.723,4.47,6,0.87,0.792,0.333,0.859,1.987,13.915,-0.29,135.14,73.47,0.064,4.751
0.456,6.0,5,6.1,3.697,4.58,7,0.88,0.93,0.627,0.935,2.22,14.353,-0.23,135.14,73.47,0.064,5.155
0.456,5.9,5,6.1,3.701,4.56,7,0.88,0.932,0.677,0.927,2.178,14.178,0.06,135.14,73.47,0.064,5.055
0.456,5.8,5,6.0,3.707,4.55,4,0.88,0.908,0.629,0.913,2.135,14.257,0.07,135.14,73.47,0.064,5.02
0.456,5.7,5,6.0,3.712,4.53,7,0.88,0.845,0.44,0.888,2.081,14.063,-0.3,135.14,73.47,0.064,4.92
0.456,5.4,5,5.8,3.728,4.48,7,0.88,0.763,0.275,0.843,1.932,13.762,-0.32,135.14,73.47,0.064,4.651
0.456,5.3,5,5.8,3.734,4.44,7,0.89,0.722,0.171,0.826,1.873,13.729,-0.49,135.14,73.47,0.064,4.551
0.456,5.4,5,5.8,3.728,4.49,7,0.9,0.763,0.275,0.843,1.932,13.67,-0.32,135.14,73.47,0.064,4.651
0.456,5.7,5,6.0,3.712,4.55,6,0.92,0.878,0.561,0.895,2.09,13.993,0.03,135.14,73.47,0.064,4.92
0.456,5.6,5,5.8,3.717,4.55,6,0.92,0.878,0.583,0.89,2.045,14.052,0.23,135.14,73.47,0.064,4.851
0.456,5.6,5,5.8,3.717,4.55,7,0.92,0.79,0.28,0.872,2.032,13.892,-0.61,135.14,73.47,0.064,4.851
0.456,5.5,5,5.8,3.723,4.5,7,0.92,0.761,0.214,0.857,1.984,13.796,-0.65,135.14,73.47,0.064,4.751
0.456,5.3,5,5.6,3.734,4.48,6,0.92,0.764,0.314,0.826,1.876,13.609,-0.06,135.14,73.47,0.064,4.583
0.456,5.2,5,5.6,3.74,4.47,7,0.92,0.67,0.042,0.808,1.821,13.554,-0.81,135.14,73.47,0.064,4.483
0.456,5.1,5,5.6,3.745,4.43,7,0.92,0.682,0.122,0.785,1.756,13.408,-0.37,135.14,73.47,0.064,4.383
0.456,5.0,5,5.5,3.74,4.39,7,0.92,0.693,0.119,0.807,1.811,13.4,-0.49,135.14,73.47,0.064,4.283
0.456,5.6,5,5.8,3.717,4.55,5,0.93,0.832,0.441,0.876,2.041,13.872,-0.14,135.14,73.47,0.064,4.851
0.456,5.6,5,5.8,3.717,4.55,7,0.93,0.824,0.409,0.875,2.039,14.008,-0.23,135.14,73.47,0.064,4.851
0.456,5.5,5,5.8,3.723,4.5,5,0.93,0.793,0.339,0.859,1.988,13.808,-0.27,135.14,73.47,0.064,4.751
0.456,5.3,5,5.6,3.734,4.48,5,0.93,0.766,0.321,0.826,1.876,13.569,-0.05,135.14,73.47,0.064,4.583
0.456,4.9,5,5.4,3.75,4.41,7,0.94,0.644,0.033,0.767,1.714,13.2,-0.58,135.14,73.47,0.064,4.215
0.456,5.5,5,5.8,3.723,4.51,7,0.95,0.793,0.341,0.859,1.988,13.779,-0.27,135.14,73.47,0.064,4.751
0.456,5.2,5,5.6,3.74,4.48,5,0.95,0.736,0.256,0.809,1.815,13.556,-0.09,135.14,73.47,0.064,4.483
0.456,4.8,5,5.3,3.75,4.38,7,0.96,0.66,0.083,0.767,1.711,13.173,-0.4,135.14,73.47,0.064,4.115
0.456,4.7,5,5.2,3.75,4.35,7,0.96,0.685,0.158,0.767,1.707,13.08,-0.16,135.14,73.47,0.064,4.015
0.456,4.8,5,5.3,3.75,4.38,7,0.97,0.666,0.101,0.767,1.71,13.104,-0.34,135.14,73.47,0.064,4.115
0.456,5.2,5,5.6,3.74,4.5,3,0.98,0.749,0.301,0.813,1.815,13.59,0.04,135.14,73.47,0.064,4.483
0.456,5.2,5,5.5,3.74,4.52,4,0.98,0.759,0.334,0.819,1.816,13.538,0.12,135.14,73.47,0.064,4.515
0.456,4.9,5,5.4,3.75,4.43,6,0.98,0.699,0.202,0.767,1.707,13.323,-0.02,135.14,73.47,0.064,4.215
0.456,4.5,5,5.0,3.76,4.33,7,0.98,0.595,-0.046,0.725,1.615,12.909,-0.64,135.14,73.47,0.064,3.847
0.456,5.0,5,5.5,3.76,4.49,4,1.01,0.669,0.163,0.734,1.604,13.314,0.09,135.14,73.47,0.064,4.347
0.456,4.8,5,5.3,3.76,4.43,5,1.01,0.634,0.06,0.725,1.608,13.144,-0.25,135.14,73.47,0.064,4.147
0.456,4.9,5,5.4,3.76,4.46,3,1.03,0.641,0.081,0.725,1.608,13.219,-0.18,135.14,73.47,0.064,4.247
0.456,4.8,5,5.3,3.76,4.44,5,1.03,0.669,0.163,0.733,1.603,13.095,0.09,135.14,73.47,0.064,4.147
0.456,4.2,5,5.0,3.76,4.23,7,1.03,0.597,-0.034,0.725,1.612,12.488,-0.59,135.14,73.47,0.064,3.547
0.456,4.4,5,5.0,3.77,4.36,6,1.04,0.585,-0.007,0.688,1.541,12.72,-0.36,135.14,73.47,0.064,3.779
0.456,4.0,5,5.0,3.76,4.12,7,1.04,0.6,-0.02,0.725,1.608,12.331,-0.52,135.14,73.47,0.064,3.347
0.456,4.1,5,5.0,3.77,4.22,7,1.05,0.564,-0.059,0.688,1.545,12.507,-0.58,135.14,73.47,0.064,3.479
0.456,4.4,5,5.0,3.77,4.37,6,1.06,0.614,0.073,0.688,1.534,12.84,-0.07,135.14,73.47,0.064,3.779
0.456,4.4,5,5.0,3.77,4.37,5,1.07,0.607,0.052,0.688,1.536,12.809,-0.15,135.14,73.47,0.064,3.779
0.456,4.4,5,5.0,3.77,4.37,6,1.07,0.631,0.12,0.691,1.529,12.762,0.09,135.14,73.47,0.064,3.779
0.456,4.4,5,5.0,3.77,4.38,5,1.08,0.606,0.051,0.688,1.536,12.675,-0.15,135.14,73.47,0.064,3.779
0.456,3.9,5,5.0,3.77,4.19,7,1.1,0.576,-0.024,0.688,1.54,12.356,-0.43,135.14,73.47,0.064,3.279
0.456,4.2,5,4.8,3.78,4.36,5,1.11,0.606,0.105,0.649,1.447,12.636,0.17,135.14,73.47,0.064,3.61
0.456,3.9,5,4.8,3.78,4.2,6,1.12,0.576,0.038,0.649,1.455,12.181,-0.08,135.14,73.47,0.064,3.31
0.456,4.2,5,4.8,3.78,4.37,5,1.13,0.585,0.057,0.649,1.456,12.529,0.01,135.14,73.47,0.064,3.61
0.456,4.2,5,4.8,3.78,4.37,4,1.14,0.595,0.085,0.649,1.449,12.66,0.1,135.14,73.47,0.064,3.61
0.456,3.5,3,5.6,3.69,3.63,6,1.18,0.977,0.66,0.946,2.276,11.785,-0.25,135.14,73.47,0.064,2.582
0.456,1.6,3,6.0,3.66,2.68,6,1.2,1.137,0.897,1.102,2.619,9.876,-0.45,135.14,73.47,0.064,0.542
0.456,3.3,4,4.8,3.79,4.03,5,1.23,0.551,0.047,0.61,1.348,11.6,0.0,135.14,73.47,0.064,2.815
0.456,3.2,4,4.8,3.79,4.01,5,1.27,0.533,0.003,0.61,1.355,11.644,-0.18,135.14,73.47,0.064,2.715
0.456,3.0,4,4.8,3.79,3.95,5,1.3,0.544,0.036,0.61,1.349,11.411,-0.06,135.14,73.47,0.064,2.515
0.456,2.9,3,5.6,3.69,3.43,5,1.31,1.005,0.741,0.947,2.275,11.161,-0.05,135.14,73.47,0.064,1.982
0.456,3.2,4,5.4,3.72,3.73,5,1.33,0.86,0.497,0.868,2.003,11.657,0.13,135.14,73.47,0.064,2.422
0.456,2.9,4,4.7,3.8,3.96,5,1.35,0.499,-0.001,0.572,1.25,11.296,-0.17,135.14,73.47,0.064,2.439
0.456,1.9,3,6.2,3.67,2.95,5,1.39,1.139,1.008,1.039,2.513,10.291,0.01,135.14,73.47,0.064,0.889
0.456,2.6,4,4.7,3.8,3.86,5,1.41,0.51,0.034,0.571,1.242,10.893,-0.03,135.14,73.47,0.064,2.139
0.456,0.6,3,6.1,3.67,2.45,5,1.46,1.117,0.898,1.034,2.495,9.036,-0.3,135.14,73.47,0.064,-0.411
0.456,2.0,4,4.5,3.8,3.7,3,1.67,0.496,0.021,0.571,1.243,10.356,-0.15,135.14,73.47,0.064,1.539
0.456,5.8,5,5.42,3.746,4.61,8,0.75,0.637,-0.02,0.784,1.759,14.246,-0.91,135.14,73.47,0.064,5.637
0.456,5.6,5,5.28,3.755,4.58,8,0.77,0.584,-0.123,0.749,1.675,13.939,-1.13,135.14,73.47,0.064,5.457
0.456,5.2,5,5.04,3.771,4.52,8,0.81,0.565,-0.06,0.684,1.54,13.618,-0.55,135.14,73.47,0.064,5.084
0.456,5.0,5,4.95,3.777,4.48,8,0.82,0.511,-0.169,0.662,1.517,13.28,-1.07,135.14,73.47,0.064,4.893
0.456,4.8,5,4.87,3.783,4.43,8,0.84,0.523,-0.086,0.64,1.443,13.139,-0.56,135.14,73.47,0.064,4.698
0.456,4.6,5,4.8,3.787,4.38,8,0.86,0.536,-0.025,0.624,1.395,12.928,-0.27,135.14,73.47,0.064,4.502
0.456,4.4,5,4.75,3.791,4.32,8,0.87,0.475,-0.145,0.611,1.379,12.787,-0.94,135.14,73.47,0.064,4.305
0.456,4.2,5,4.73,3.793,4.26,8,0.88,0.458,-0.168,0.604,1.368,12.629,-1.18,135.14,73.47,0.064,4.108
0.506,5.9,5,6.1,3.701,4.54,4,0.84,0.935,0.683,0.928,2.177,14.418,0.08,135.14,73.47,0.064,5.055
0.506,5.8,5,6.0,3.707,4.53,7,0.84,0.869,0.484,0.902,2.123,14.394,-0.32,135.14,73.47,0.064,5.02
0.506,5.5,5,5.8,3.723,4.48,5,0.89,0.796,0.348,0.859,1.988,14.108,-0.24,135.14,73.47,0.064,4.751
0.506,5.8,5,6.0,3.707,4.56,7,0.9,0.884,0.542,0.905,2.129,14.354,-0.17,135.14,73.47,0.064,5.02
0.506,5.8,5,6.0,3.707,4.56,5,0.91,0.902,0.607,0.908,2.135,14.3,0.01,135.14,73.47,0.064,5.02
0.506,5.6,5,5.8,3.717,4.54,7,0.91,0.793,0.296,0.873,2.033,14.277,-0.55,135.14,73.47,0.064,4.851
0.506,5.4,5,5.8,3.728,4.5,5,0.92,0.781,0.337,0.843,1.934,14.014,-0.15,135.14,73.47,0.064,4.651
0.506,5.2,5,5.6,3.74,4.47,6,0.93,0.729,0.234,0.809,1.815,13.857,-0.15,135.14,73.47,0.064,4.483
0.506,5.0,5,5.5,3.74,4.39,7,0.93,0.727,0.231,0.807,1.809,13.547,-0.15,135.14,73.47,0.064,4.283
0.506,5.5,5,5.8,3.723,4.51,6,0.94,0.769,0.251,0.859,1.984,14.1,-0.52,135.14,73.47,0.064,4.751
0.506,5.5,5,5.8,3.723,4.51,5,0.95,0.797,0.353,0.859,1.989,14.132,-0.24,135.14,73.47,0.064,4.751
0.506,5.3,5,5.6,3.734,4.49,4,0.95,0.775,0.354,0.831,1.876,13.977,0.05,135.14,73.47,0.064,4.583
0.506,5.1,5,5.6,3.745,4.44,6,0.95,0.68,0.116,0.785,1.756,13.696,-0.39,135.14,73.47,0.064,4.383
0.506,5.3,5,5.6,3.734,4.51,2,0.98,0.775,0.354,0.831,1.877,13.821,0.04,135.14,73.47,0.064,4.583
0.506,4.6,5,5.1,3.76,4.34,7,0.98,0.616,0.014,0.725,1.61,13.247,-0.4,135.14,73.47,0.064,3.947
0.506,4.5,5,5.0,3.76,4.33,7,0.98,0.633,0.06,0.725,1.606,13.08,-0.25,135.14,73.47,0.064,3.847
0.506,5.1,5,5.5,3.745,4.48,4,0.99,0.709,0.207,0.785,1.755,13.645,-0.11,135.14,73.47,0.064,4.415
0.506,4.7,5,5.3,3.76,4.41,6,0.99,0.627,0.041,0.725,1.609,13.205,-0.31,135.14,73.47,0.064,4.047
0.506,4.3,5,5.0,3.76,4.25,7,0.99,0.598,-0.034,0.725,1.612,12.975,-0.59,135.14,73.47,0.064,3.647
0.506,5.0,5,5.5,3.76,4.48,5,1.0,0.662,0.143,0.728,1.604,13.572,0.03,135.14,73.47,0.064,4.347
0.506,4.8,5,5.3,3.76,4.42,6,1.0,0.673,0.178,0.734,1.6,13.4,0.13,135.14,73.47,0.064,4.147
0.506,4.6,5,5.1,3.76,4.35,6,1.01,0.68,0.205,0.735,1.595,13.258,0.2,135.14,73.47,0.064,3.947
0.506,4.7,5,5.3,3.76,4.43,5,1.03,0.654,0.119,0.725,1.604,13.305,-0.05,135.14,73.47,0.064,4.047
0.506,4.3,5,5.0,3.77,4.3,7,1.04,0.603,0.043,0.688,1.536,12.808,-0.19,135.14,73.47,0.064,3.679
0.506,4.7,5,5.3,3.76,4.44,4,1.05,0.654,0.118,0.725,1.605,13.327,-0.06,135.14,73.47,0.064,4.047
0.506,4.6,5,5.1,3.77,4.42,5,1.05,0.6,0.033,0.688,1.538,13.273,-0.22,135.14,73.47,0.064,3.979
0.506,4.5,5,5.0,3.77,4.41,6,1.05,0.609,0.058,0.688,1.536,13.088,-0.13,135.14,73.47,0.064,3.879
0.506,4.6,5,5.1,3.77,4.42,4,1.07,0.609,0.059,0.688,1.536,13.192,-0.12,135.14,73.47,0.064,3.979
0.506,3.8,4,5.0,3.76,4.06,7,1.07,0.567,-0.107,0.725,1.622,12.422,-0.92,135.14,73.47,0.064,3.243
0.506,4.3,5,5.0,3.77,4.32,6,1.09,0.619,0.086,0.688,1.532,12.796,-0.03,135.14,73.47,0.064,3.679
0.506,4.4,5,5.0,3.78,4.41,4,1.11,0.603,0.097,0.649,1.448,12.913,0.14,135.14,73.47,0.064,3.81
0.506,4.0,5,5.0,3.77,4.2,6,1.11,0.621,0.092,0.688,1.529,12.612,-0.01,135.14,73.47,0.064,3.379
0.506,4.2,5,5.0,3.77,4.27,5,1.12,0.618,0.084,0.688,1.531,12.871,-0.04,135.14,73.47,0.064,3.579
0.506,3.9,5,4.8,3.78,4.2,6,1.12,0.565,0.01,0.649,1.459,12.553,-0.19,135.14,73.47,0.064,3.31
0.506,4.2,5,4.8,3.78,4.37,5,1.13,0.581,0.046,0.649,1.457,12.824,-0.04,135.14,73.47,0.064,3.61
0.506,3.6,4,5.4,3.72,3.79,7,1.14,0.832,0.41,0.865,2.004,12.174,-0.08,135.14,73.47,0.064,2.822
0.506,4.1,5,4.8,3.78,4.33,4,1.15,0.587,0.063,0.649,1.454,12.612,0.02,135.14,73.47,0.064,3.51
0.506,4.0,5,4.8,3.78,4.25,5,1.15,0.57,0.021,0.649,1.458,12.57,-0.15,135.14,73.47,0.064,3.41
0.506,3.9,5,4.8,3.78,4.22,5,1.17,0.568,0.015,0.649,1.458,12.563,-0.17,135.14,73.47,0.064,3.31
0.506,3.9,5,4.7,3.79,4.31,4,1.2,0.551,0.035,0.61,1.354,12.471,0.0,135.14,73.47,0.064,3.342
0.506,1.4,3,6.0,3.65,2.57,6,1.21,1.214,1.09,1.18,2.751,9.991,-0.24,135.14,73.47,0.064,0.285
0.506,3.5,5,4.5,3.81,4.27,3,1.3,0.493,0.02,0.534,1.137,12.153,0.07,135.14,73.47,0.064,3.006
0.506,2.5,3,6.1,3.68,3.24,5,1.32,1.037,0.764,0.977,2.383,11.069,-0.28,135.14,73.47,0.064,1.536
0.506,3.0,4,4.7,3.8,4.02,4,1.4,0.505,0.006,0.572,1.249,11.65,-0.12,135.14,73.47,0.064,2.539
0.506,2.6,4,4.7,3.79,3.8,5,1.41,0.541,0.044,0.61,1.346,11.234,-0.06,135.14,73.47,0.064,2.115
0.506,2.6,5,3.9,3.86,4.19,2,1.58,0.338,0.058,0.342,0.729,11.227,0.07,135.14,73.47,0.064,2.265
0.506,2.3,4,4.6,3.79,3.77,4,1.63,0.539,0.043,0.61,1.346,10.921,-0.07,135.14,73.47,0.064,1.815
0.506,5.6,5,5.28,3.755,4.58,8,0.77,0.595,-0.092,0.747,1.673,14.171,-0.96,135.14,73.47,0.064,5.457
0.506,5.4,5,5.15,3.763,4.55,8,0.79,0.575,-0.098,0.715,1.602,13.945,-0.82,135.14,73.47,0.064,5.272
0.506,5.2,5,5.04,3.771,4.52,8,0.81,0.553,-0.096,0.684,1.545,13.846,-0.73,135.14,73.47,0.064,5.084
0.506,5.0,5,4.95,3.777,4.48,8,0.82,0.54,-0.084,0.661,1.498,13.672,-0.58,135.14,73.47,0.064,4.893
0.506,4.8,5,4.87,3.783,4.43,8,0.84,0.511,-0.119,0.64,1.451,13.462,-0.75,135.14,73.47,0.064,4.698
0.506,4.6,5,4.8,3.787,4.38,8,0.86,0.493,-0.135,0.626,1.416,13.285,-0.86,135.14,73.47,0.064,4.502
0.506,4.4,5,4.75,3.791,4.32,8,0.87,0.483,-0.126,0.611,1.374,13.069,-0.81,135.14,73.47,0.064,4.305
0.506,3.6,4,4.69,3.777,3.97,8,0.92,0.532,-0.083,0.661,1.5,12.136,-0.65,135.14,73.47,0.064,3.507
0.506,3.0,3,5.47,3.707,3.39,8,0.93,0.815,0.221,0.881,2.097,11.623,-1.01,135.14,73.47,0.064,2.748
0.556,5.4,5,5.8,3.728,4.49,7,0.9,0.803,0.417,0.851,1.935,14.122,0.08,135.14,73.47,0.064,4.651
0.556,5.5,5,5.8,3.723,4.49,5,0.91,0.817,0.424,0.859,1.992,14.282,-0.03,135.14,73.47,0.064,4.751
0.556,5.4,5,5.8,3.728,4.49,6,0.91,0.776,0.317,0.843,1.933,14.246,-0.2,135.14,73.47,0.064,4.651
0.556,5.4,5,5.8,3.728,4.5,5,0.92,0.805,0.425,0.853,1.936,14.17,0.1,135.14,73.47,0.064,4.651
0.556,5.3,5,5.6,3.734,4.48,5,0.93,0.774,0.351,0.83,1.876,14.107,0.04,135.14,73.47,0.064,4.583
0.556,5.5,5,5.8,3.723,4.51,7,0.94,0.789,0.323,0.859,1.987,14.202,-0.32,135.14,73.47,0.064,4.751
0.556,5.2,5,5.6,3.74,4.48,5,0.95,0.735,0.253,0.809,1.815,13.95,-0.1,135.14,73.47,0.064,4.483
0.556,5.5,5,5.8,3.723,4.52,5,0.96,0.797,0.355,0.86,1.989,14.27,-0.23,135.14,73.47,0.064,4.751
0.556,5.2,5,5.6,3.74,4.49,5,0.96,0.751,0.311,0.816,1.815,13.99,0.07,135.14,73.47,0.064,4.483
0.556,5.1,5,5.5,3.745,4.47,5,0.96,0.722,0.248,0.787,1.754,13.831,0.02,135.14,73.47,0.064,4.415
0.556,4.9,5,5.4,3.75,4.42,7,0.96,0.635,0.002,0.767,1.717,13.711,-0.7,135.14,73.47,0.064,4.215
0.556,5.2,5,5.5,3.74,4.51,5,0.97,0.746,0.293,0.811,1.816,14.002,0.02,135.14,73.47,0.064,4.515
0.556,5.1,5,5.5,3.745,4.47,5,0.97,0.733,0.283,0.795,1.754,13.927,0.12,135.14,73.47,0.064,4.415
0.556,4.8,5,5.3,3.75,4.38,6,0.97,0.664,0.093,0.767,1.71,13.503,-0.36,135.14,73.47,0.064,4.115
0.556,5.1,5,5.5,3.745,4.48,5,0.98,0.748,0.319,0.795,1.752,13.821,0.21,135.14,73.47,0.064,4.415
0.556,5.0,5,5.5,3.75,4.47,5,0.98,0.702,0.211,0.768,1.708,13.698,0.01,135.14,73.47,0.064,4.315
0.556,4.9,5,5.4,3.75,4.43,6,0.98,0.665,0.095,0.767,1.711,13.712,-0.36,135.14,73.47,0.064,4.215
0.556,4.6,5,5.1,3.76,4.34,7,0.98,0.587,-0.072,0.725,1.618,13.369,-0.75,135.14,73.47,0.064,3.947
0.556,5.0,5,5.5,3.75,4.47,4,1.0,0.725,0.28,0.777,1.703,13.837,0.19,135.14,73.47,0.064,4.315
0.556,4.3,5,5.0,3.76,4.26,7,1.01,0.607,-0.007,0.725,1.61,13.093,-0.48,135.14,73.47,0.064,3.647
0.556,4.1,5,5.0,3.76,4.18,7,1.04,0.624,0.041,0.725,1.605,12.837,-0.31,135.14,73.47,0.064,3.447
0.556,4.6,5,5.1,3.77,4.43,4,1.08,0.641,0.145,0.692,1.526,13.438,0.16,135.14,73.47,0.064,3.979
0.556,4.3,5,5.0,3.77,4.32,5,1.08,0.656,0.184,0.695,1.523,13.064,0.27,135.14,73.47,0.064,3.679
0.556,4.2,5,5.0,3.77,4.26,6,1.08,0.558,-0.075,0.688,1.549,12.942,-0.66,135.14,73.47,0.064,3.579
0.556,4.3,5,5.0,3.77,4.33,5,1.1,0.614,0.073,0.688,1.533,13.131,-0.08,135.14,73.47,0.064,3.679
0.556,4.5,5,5.0,3.78,4.44,3,1.11,0.584,0.052,0.649,1.458,13.231,0.0,135.14,73.47,0.064,3.91
0.556,4.2,5,5.0,3.77,4.27,5,1.11,0.604,0.046,0.688,1.535,12.925,-0.17,135.14,73.47,0.064,3.579
0.556,4.2,5,4.8,3.78,4.36,5,1.12,0.568,0.012,0.649,1.46,12.945,-0.17,135.14,73.47,0.064,3.61
0.556,4.2,5,4.8,3.78,4.37,5,1.13,0.588,0.065,0.649,1.454,12.997,0.03,135.14,73.47,0.064,3.61
0.556,0.7,3,6.1,3.66,2.31,7,1.15,1.197,1.07,1.104,2.622,9.494,-0.18,135.14,73.47,0.064,-0.358
0.556,3.8,5,4.8,3.78,4.21,5,1.19,0.581,0.049,0.649,1.454,12.601,-0.04,135.14,73.47,0.064,3.21
0.556,3.9,5,4.7,3.79,4.31,4,1.2,0.545,0.022,0.61,1.356,12.641,-0.06,135.14,73.47,0.064,3.342
0.556,0.2,3,6.5,3.61,1.81,6,1.2,1.378,1.473,1.522,3.367,9.048,-0.2,135.14,73.47,0.064,-1.191
0.556,3.3,4,4.8,3.78,3.99,6,1.22,0.574,0.036,0.649,1.453,12.005,-0.11,135.14,73.47,0.064,2.791
0.556,3.4,4,5.4,3.72,3.76,5,1.25,0.83,0.403,0.865,2.004,12.112,-0.1,135.14,73.47,0.064,2.622
0.556,3.0,4,4.8,3.78,3.9,5,1.3,0.564,0.021,0.649,1.454,11.837,-0.19,135.14,73.47,0.064,2.491
0.556,0.2,3,6.5,3.61,1.85,5,1.31,1.363,1.421,1.521,3.363,9.089,-0.27,135.14,73.47,0.064,-1.191
0.556,3.3,4,4.8,3.78,4.03,5,1.33,0.569,0.023,0.649,1.455,12.173,-0.16,135.14,73.47,0.064,2.791
0.556,3.2,5,4.6,3.8,4.11,4,1.36,0.501,-0.009,0.573,1.253,12.004,-0.17,135.14,73.47,0.064,2.674
0.556,3.1,4,5.4,3.72,3.71,5,1.36,0.829,0.399,0.865,2.003,11.908,-0.11,135.14,73.47,0.064,2.322
0.556,2.1,3,6.2,3.67,3.03,5,1.36,1.084,0.829,1.035,2.5,10.853,-0.36,135.14,73.47,0.064,1.089
0.556,3.1,4,4.8,3.79,4.02,4,1.39,0.543,0.028,0.61,1.351,11.933,-0.08,135.14,73.47,0.064,2.615
0.556,3.0,5,4.2,3.83,4.19,3,1.44,0.432,0.03,0.462,0.924,11.769,0.15,135.14,73.47,0.064,2.569
0.556,2.4,4,4.5,3.8,3.8,4,1.46,0.502,0.024,0.571,1.244,11.188,-0.1,135.14,73.47,0.064,1.939
0.556,0.2,3,6.4,3.63,2.11,4,1.64,1.316,1.418,1.358,3.019,9.038,0.03,135.14,73.47,0.064,-1.053
0.556,5.4,5,5.15,3.763,4.55,8,0.79,0.587,-0.061,0.714,1.598,14.205,-0.66,135.14,73.47,0.064,5.272
0.556,5.2,5,5.04,3.771,4.52,8,0.81,0.578,-0.023,0.684,1.536,13.911,-0.4,135.14,73.47,0.064,5.084
0.556,5.0,5,4.95,3.777,4.48,8,0.82,0.555,-0.044,0.661,1.493,13.694,-0.4,135.14,73.47,0.064,4.893
0.556,4.8,5,4.87,3.783,4.43,8,0.84,0.49,-0.177,0.642,1.466,13.556,-1.15,135.14,73.47,0.064,4.698
0.556,4.6,5,4.8,3.787,4.38,8,0.86,0.502,-0.112,0.626,1.41,13.299,-0.7,135.14,73.47,0.064,4.502
0.556,4.4,5,4.75,3.791,4.32,8,0.87,0.485,-0.121,0.611,1.373,13.23,-0.77,135.14,73.47,0.064,4.305
0.556,4.2,5,4.73,3.793,4.26,8,0.88,0.474,-0.128,0.602,1.355,13.039,-0.84,135.14,73.47,0.064,4.108
0.556,4.0,5,4.73,3.793,4.18,8,0.9,0.485,-0.098,0.601,1.346,12.876,-0.64,135.14,73.47,0.064,3.911
0.556,3.8,4,4.56,3.789,4.1,8,0.91,0.48,-0.126,0.615,1.394,12.654,-0.88,135.14,73.47,0.064,3.712
0.556,3.2,4,5.43,3.711,3.49,8,0.93,0.82,0.286,0.877,2.07,11.927,-0.67,135.14,73.47,0.064,2.96
0.606,5.4,5,5.8,3.728,4.48,7,0.89,0.755,0.245,0.843,1.931,14.279,-0.41,135.14,73.47,0.064,4.651
0.606,5.3,5,5.6,3.734,4.46,7,0.89,0.769,0.33,0.826,1.876,14.24,-0.02,135.14,73.47,0.064,4.583
0.606,5.2,5,5.6,3.74,4.46,7,0.9,0.683,0.084,0.809,1.818,14.146,-0.65,135.14,73.47,0.064,4.483
0.606,5.1,5,5.6,3.745,4.43,7,0.92,0.655,0.035,0.785,1.761,14.031,-0.68,135.14,73.47,0.064,4.383
0.606,5.2,5,5.6,3.74,4.47,6,0.93,0.727,0.229,0.809,1.815,14.242,-0.17,135.14,73.47,0.064,4.483
0.606,5.1,5,5.6,3.745,4.44,6,0.94,0.715,0.225,0.785,1.754,14.101,-0.05,135.14,73.47,0.064,4.383
0.606,5.0,5,5.5,3.74,4.4,7,0.94,0.693,0.12,0.807,1.811,14.032,-0.49,135.14,73.47,0.064,4.283
0.606,4.8,5,5.3,3.75,4.37,7,0.94,0.677,0.134,0.767,1.709,13.854,-0.23,135.14,73.47,0.064,4.115
0.606,5.0,5,5.5,3.75,4.45,6,0.95,0.67,0.111,0.767,1.711,13.947,-0.31,135.14,73.47,0.064,4.315
0.606,5.1,5,5.5,3.745,4.47,5,0.97,0.716,0.228,0.785,1.754,13.995,-0.04,135.14,73.47,0.064,4.415
0.606,4.9,5,5.4,3.75,4.43,6,0.98,0.702,0.21,0.768,1.707,13.805,0.01,135.14,73.47,0.064,4.215
0.606,4.7,5,5.3,3.76,4.41,7,0.98,0.635,0.065,0.725,1.608,13.716,-0.24,135.14,73.47,0.064,4.047
0.606,5.0,5,5.5,3.75,4.47,5,0.99,0.662,0.088,0.767,1.712,14.006,-0.38,135.14,73.47,0.064,4.315
0.606,4.9,5,5.4,3.75,4.43,5,0.99,0.661,0.085,0.767,1.711,13.808,-0.39,135.14,73.47,0.064,4.215
0.606,4.9,5,5.4,3.76,4.45,5,1.01,0.622,0.026,0.725,1.611,13.835,-0.36,135.14,73.47,0.064,4.247
0.606,4.7,5,5.3,3.76,4.42,6,1.02,0.633,0.059,0.725,1.608,13.654,-0.26,135.14,73.47,0.064,4.047
0.606,4.4,5,5.0,3.76,4.3,7,1.02,0.583,-0.079,0.725,1.619,13.374,-0.78,135.14,73.47,0.064,3.747
0.606,4.3,5,5.0,3.76,4.27,7,1.03,0.624,0.038,0.725,1.607,13.362,-0.32,135.14,73.47,0.064,3.647
0.606,4.8,5,5.3,3.76,4.45,3,1.05,0.648,0.101,0.725,1.606,13.732,-0.11,135.14,73.47,0.064,4.147
0.606,4.7,5,5.2,3.77,4.46,5,1.05,0.606,0.049,0.688,1.538,13.647,-0.16,135.14,73.47,0.064,4.079
0.606,3.0,3,5.8,3.68,3.33,7,1.08,1.017,0.703,0.976,2.38,11.89,-0.42,135.14,73.47,0.064,2.036
0.606,4.1,5,5.0,3.77,4.23,6,1.09,0.57,-0.042,0.688,1.542,13.019,-0.49,135.14,73.47,0.064,3.479
0.606,2.5,3,6.2,3.67,3.1,7,1.1,1.1,0.887,1.037,2.507,11.501,-0.23,135.14,73.47,0.064,1.489
0.606,4.4,5,5.0,3.78,4.41,3,1.11,0.592,0.076,0.649,1.451,13.404,0.07,135.14,73.47,0.064,3.81
0.606,4.1,5,5.0,3.77,4.24,6,1.12,0.625,0.103,0.688,1.529,13.117,0.03,135.14,73.47,0.064,3.479
0.606,3.8,5,5.0,3.77,4.11,6,1.12,0.596,0.03,0.688,1.534,12.775,-0.24,135.14,73.47,0.064,3.179
0.606,3.6,4,5.2,3.75,3.93,7,1.12,0.649,0.056,0.767,1.708,12.668,-0.47,135.14,73.47,0.064,2.963
0.606,3.7,5,5.0,3.77,4.08,6,1.13,0.621,0.096,0.688,1.527,12.627,0.0,135.14,73.47,0.064,3.079
0.606,2.7,3,6.0,3.68,3.26,7,1.16,1.029,0.739,0.976,2.381,11.732,-0.34,135.14,73.47,0.064,1.736
0.606,3.5,5,4.8,3.78,4.06,6,1.17,0.554,-0.016,0.649,1.461,12.52,-0.31,135.14,73.47,0.064,2.91
0.606,3.6,5,4.8,3.78,4.12,5,1.2,0.585,0.063,0.649,1.451,12.505,0.01,135.14,73.47,0.064,3.01
0.606,3.7,5,4.7,3.79,4.22,5,1.22,0.527,-0.021,0.611,1.361,12.59,-0.26,135.14,73.47,0.064,3.142
0.606,1.0,3,6.1,3.64,2.34,6,1.23,1.253,1.214,1.268,2.884,10.029,-0.16,135.14,73.47,0.064,-0.184
0.606,3.2,4,5.2,3.75,3.83,5,1.27,0.695,0.197,0.767,1.699,12.198,-0.04,135.14,73.47,0.064,2.563
0.606,3.1,3,5.6,3.69,3.51,5,1.31,0.979,0.657,0.944,2.273,12.108,-0.25,135.14,73.47,0.064,2.182
0.606,5.2,5,5.04,3.771,4.52,8,0.81,0.516,-0.202,0.692,1.567,14.168,-1.39,135.14,73.47,0.064,5.084
0.606,5.0,5,4.95,3.777,4.48,8,0.82,0.523,-0.134,0.661,1.509,13.949,-0.85,135.14,73.47,0.064,4.893
0.606,4.8,5,4.87,3.783,4.43,8,0.84,0.541,-0.039,0.639,1.437,13.708,-0.35,135.14,73.47,0.064,4.698
0.606,4.6,5,4.8,3.787,4.38,8,0.86,0.492,-0.137,0.626,1.417,13.675,-0.87,135.14,73.47,0.064,4.502
0.606,4.2,5,4.73,3.793,4.26,8,0.88,0.491,-0.09,0.602,1.344,13.122,-0.56,135.14,73.47,0.064,4.108
0.606,4.0,5,4.73,3.793,4.18,8,0.9,0.479,-0.11,0.601,1.349,12.985,-0.74,135.14,73.47,0.064,3.911
0.606,3.8,4,4.56,3.789,4.1,8,0.91,0.48,-0.127,0.615,1.394,12.86,-0.89,135.14,73.47,0.064,3.712
0.606,3.6,4,4.69,3.777,3.97,8,0.92,0.507,-0.134,0.661,1.512,12.481,-0.96,135.14,73.47,0.064,3.507
0.606,3.2,4,5.43,3.711,3.49,8,0.93,0.853,0.4,0.881,2.071,12.243,-0.34,135.14,73.47,0.064,2.96
0.606,1.6,3,5.69,3.687,2.73,8,0.93,0.931,0.409,0.938,2.285,10.633,-1.09,135.14,73.47,0.064,1.291
0.606,0.6,3,5.47,3.707,2.35,8,0.7,0.813,0.218,0.888,2.092,9.627,-1.13,135.14,73.47,0.064,0.422
0.656,5.0,5,5.5,3.75,4.45,7,0.94,0.64,0.018,0.767,1.716,14.071,-0.63,135.14,73.47,0.064,4.315
0.656,4.9,5,5.4,3.75,4.41,7,0.95,0.674,0.124,0.767,1.71,14.045,-0.27,135.14,73.47,0.064,4.215
0.656,5.1,5,5.6,3.745,4.45,5,0.96,0.675,0.098,0.785,1.757,14.184,-0.45,135.14,73.47,0.064,4.383
0.656,4.9,5,5.4,3.75,4.42,7,0.96,0.682,0.149,0.767,1.709,14.122,-0.19,135.14,73.47,0.064,4.215
0.656,4.8,5,5.3,3.75,4.38,7,0.97,0.703,0.213,0.768,1.706,13.94,0.02,135.14,73.47,0.064,4.115
0.656,5.1,5,5.5,3.745,4.48,5,0.98,0.712,0.215,0.785,1.755,14.203,-0.08,135.14,73.47,0.064,4.415
0.656,4.6,5,5.1,3.76,4.34,7,0.98,0.651,0.113,0.725,1.603,13.702,-0.07,135.14,73.47,0.064,3.947
0.656,4.6,5,5.1,3.76,4.35,6,1.01,0.643,0.09,0.725,1.605,13.799,-0.15,135.14,73.47,0.064,3.947
0.656,4.4,5,5.0,3.76,4.3,7,1.01,0.632,0.06,0.725,1.606,13.544,-0.25,135.14,73.47,0.064,3.747
0.656,4.9,5,5.4,3.76,4.45,4,1.02,0.652,0.114,0.725,1.605,14.009,-0.07,135.14,73.47,0.064,4.247
0.656,4.7,5,5.3,3.76,4.42,5,1.02,0.653,0.117,0.725,1.604,13.836,-0.06,135.14,73.47,0.064,4.047
0.656,4.5,5,5.0,3.76,4.34,7,1.02,0.601,-0.029,0.725,1.613,13.572,-0.56,135.14,73.47,0.064,3.847
0.656,4.9,5,5.4,3.76,4.46,4,1.03,0.661,0.14,0.727,1.604,14.023,0.02,135.14,73.47,0.064,4.247
0.656,4.4,5,5.0,3.76,4.31,7,1.03,0.603,-0.022,0.725,1.612,13.518,-0.53,135.14,73.47,0.064,3.747
0.656,4.0,4,5.1,3.75,4.08,7,1.03,0.655,0.071,0.767,1.708,13.104,-0.43,135.14,73.47,0.064,3.363
0.656,4.2,5,5.0,3.77,4.24,7,1.04,0.565,-0.055,0.688,1.545,13.284,-0.56,135.14,73.47,0.064,3.579
0.656,4.6,5,5.1,3.77,4.42,5,1.05,0.634,0.128,0.691,1.528,13.784,0.11,135.14,73.47,0.064,3.979
0.656,4.4,5,5.0,3.77,4.37,6,1.05,0.595,0.019,0.688,1.539,13.51,-0.27,135.14,73.47,0.064,3.779
0.656,4.7,5,5.2,3.77,4.46,4,1.06,0.614,0.072,0.688,1.536,13.792,-0.07,135.14,73.47,0.064,4.079
0.656,4.6,5,5.1,3.77,4.42,5,1.06,0.59,0.005,0.688,1.54,13.688,-0.32,135.14,73.47,0.064,3.979
0.656,4.5,5,5.0,3.77,4.41,5,1.06,0.612,0.065,0.688,1.535,13.718,-0.1,135.14,73.47,0.064,3.879
0.656,4.7,5,5.2,3.77,4.46,3,1.07,0.622,0.092,0.688,1.534,13.843,0.0,135.14,73.47,0.064,4.079
0.656,4.3,5,5.0,3.77,4.32,6,1.08,0.608,0.057,0.688,1.535,13.505,-0.13,135.14,73.47,0.064,3.679
0.656,4.0,5,5.0,3.77,4.19,7,1.08,0.602,0.043,0.688,1.534,13.179,-0.19,135.14,73.47,0.064,3.379
0.656,4.4,5,5.0,3.77,4.38,5,1.09,0.605,0.047,0.688,1.536,13.648,-0.17,135.14,73.47,0.064,3.779
0.656,4.2,5,4.8,3.78,4.36,5,1.12,0.564,0.002,0.649,1.461,13.324,-0.21,135.14,73.47,0.064,3.61
0.656,3.1,3,5.8,3.68,3.4,7,1.14,1.011,0.69,0.976,2.38,12.238,-0.45,135.14,73.47,0.064,2.136
0.656,4.0,5,4.8,3.78,4.26,5,1.16,0.57,0.019,0.649,1.458,13.242,-0.15,135.14,73.47,0.064,3.41
0.656,3.7,5,4.8,3.78,4.14,6,1.17,0.544,-0.043,0.649,1.466,12.8,-0.4,135.14,73.47,0.064,3.11
0.656,3.5,5,4.7,3.79,4.15,4,1.27,0.572,0.091,0.61,1.342,12.666,0.18,135.14,73.47,0.064,2.942
0.656,3.4,5,4.7,3.79,4.13,4,1.3,0.56,0.065,0.61,1.348,12.579,0.09,135.14,73.47,0.064,2.842
0.656,3.5,5,4.5,3.81,4.27,3,1.31,0.488,0.01,0.536,1.142,12.668,0.02,135.14,73.47,0.064,3.006
0.656,3.5,5,4.5,3.81,4.27,3,1.32,0.493,0.019,0.534,1.137,12.723,0.07,135.14,73.47,0.064,3.006
0.656,3.3,4,4.8,3.79,4.07,5,1.33,0.522,-0.023,0.61,1.36,12.515,-0.29,135.14,73.47,0.064,2.815
0.656,2.9,4,4.8,3.79,3.91,5,1.35,0.543,0.037,0.61,1.348,12.084,-0.06,135.14,73.47,0.064,2.415
0.656,3.3,5,4.4,3.82,4.24,3,1.36,0.476,0.044,0.503,1.03,12.49,0.21,135.14,73.47,0.064,2.838
0.656,5.0,5,4.95,3.777,4.48,8,0.82,0.529,-0.117,0.661,1.505,14.111,-0.76,135.14,73.47,0.064,4.893
0.656,4.8,5,4.87,3.783,4.43,8,0.84,0.502,-0.144,0.64,1.457,14.012,-0.9,135.14,73.47,0.064,4.698
0.656,4.8,5,4.87,3.783,4.43,8,0.84,0.489,-0.179,0.642,1.467,13.906,-1.17,135.14,73.47,0.064,4.698
0.656,4.6,5,4.8,3.787,4.38,8,0.86,0.483,-0.158,0.626,1.422,13.818,-1.01,135.14,73.47,0.064,4.502
0.656,4.4,5,4.75,3.791,4.32,8,0.87,0.476,-0.143,0.611,1.379,13.473,-0.93,135.14,73.47,0.064,4.305
0.656,4.2,5,4.73,3.793,4.26,8,0.88,0.487,-0.1,0.602,1.346,13.251,-0.63,135.14,73.47,0.064,4.108
0.656,3.8,4,4.56,3.789,4.1,8,0.91,0.492,-0.1,0.615,1.387,13.035,-0.7,135.14,73.47,0.064,3.712
0.706,4.8,5,5.3,3.75,4.38,7,0.97,0.694,0.185,0.767,1.707,14.191,-0.07,135.14,73.47,0.064,4.115
0.706,4.9,5,5.4,3.75,4.43,5,0.99,0.656,0.068,0.767,1.712,14.134,-0.45,135.14,73.47,0.064,4.215
0.706,4.5,5,5.0,3.76,4.33,7,0.99,0.619,0.021,0.725,1.609,13.894,-0.38,135.14,73.47,0.064,3.847
0.706,4.5,5,5.0,3.76,4.34,7,1.01,0.647,0.101,0.725,1.604,13.74,-0.11,135.14,73.47,0.064,3.847
0.706,4.4,5,5.0,3.76,4.3,7,1.01,0.603,-0.023,0.725,1.612,13.785,-0.54,135.14,73.47,0.064,3.747
0.706,4.6,5,5.1,3.76,4.35,6,1.02,0.616,0.012,0.725,1.61,13.998,-0.41,135.14,73.47,0.064,3.947
0.706,4.7,5,5.3,3.76,4.43,5,1.03,0.629,0.048,0.725,1.609,13.989,-0.29,135.14,73.47,0.064,4.047
0.706,4.4,5,5.0,3.77,4.36,6,1.04,0.598,0.029,0.688,1.538,13.614,-0.23,135.14,73.47,0.064,3.779
0.706,4.4,5,5.0,3.77,4.37,6,1.05,0.625,0.102,0.688,1.531,13.793,0.03,135.14,73.47,0.064,3.779
0.706,4.1,5,5.0,3.77,4.22,7,1.05,0.579,-0.018,0.688,1.54,13.459,-0.41,135.14,73.47,0.064,3.479
0.706,4.1,5,5.0,3.77,4.23,6,1.09,0.599,0.035,0.688,1.535,13.395,-0.22,135.14,73.47,0.064,3.479
0.706,4.3,5,5.0,3.77,4.33,5,1.1,0.606,0.05,0.688,1.535,13.626,-0.16,135.14,73.47,0.064,3.679
0.706,3.9,5,5.0,3.77,4.19,6,1.1,0.602,0.043,0.688,1.534,13.206,-0.19,135.14,73.47,0.064,3.279
0.706,3.7,5,4.7,3.79,4.22,5,1.22,0.556,0.053,0.61,1.35,13.04,0.05,135.14,73.47,0.064,3.142
0.706,3.3,4,4.8,3.78,3.99,5,1.22,0.598,0.103,0.649,1.445,12.652,0.14,135.14,73.47,0.064,2.791
0.706,1.2,3,6.0,3.65,2.5,6,1.22,1.226,1.124,1.181,2.753,10.469,-0.18,135.14,73.47,0.064,0.085
0.706,0.6,3,6.1,3.67,2.37,6,1.23,1.133,0.946,1.034,2.496,9.913,-0.22,135.14,73.47,0.064,-0.411
0.706,3.8,5,4.6,3.8,4.34,3,1.24,0.527,0.039,0.571,1.244,13.167,0.09,135.14,73.47,0.064,3.274
0.706,3.6,5,4.6,3.8,4.24,4,1.25,0.507,-0.004,0.573,1.254,12.926,-0.12,135.14,73.47,0.064,3.074
0.706,3.5,5,4.6,3.8,4.21,4,1.27,0.509,0.002,0.573,1.252,12.837,-0.1,135.14,73.47,0.064,2.974
0.706,3.2,4,4.8,3.79,4.01,5,1.27,0.549,0.043,0.61,1.348,12.504,-0.01,135.14,73.47,0.064,2.715
0.706,3.1,4,4.8,3.78,3.93,5,1.28,0.58,0.059,0.649,1.448,12.387,-0.03,135.14,73.47,0.064,2.591
0.706,3.0,4,4.8,3.78,3.89,5,1.29,0.597,0.108,0.649,1.443,12.33,0.14,135.14,73.47,0.064,2.491
0.706,-1.5,3,7.6,3.52,0.44,6,1.29,1.493,1.224,2.819,6.068,8.073,-0.28,135.14,73.47,0.064,-3.131
0.706,2.9,4,5.1,3.76,3.78,5,1.34,0.709,0.279,0.739,1.586,12.196,0.38,135.14,73.47,0.064,2.343
0.706,0.6,3,6.1,3.67,2.44,5,1.42,1.141,0.976,1.035,2.499,9.897,-0.15,135.14,73.47,0.064,-0.411
0.706,-0.1,3,6.5,3.61,1.74,5,1.44,1.41,1.586,1.524,3.375,9.172,-0.04,135.14,73.47,0.064,-1.491
0.706,4.8,5,4.87,3.783,4.43,8,0.84,0.543,-0.035,0.639,1.436,14.022,-0.33,135.14,73.47,0.064,4.698
0.706,4.8,5,4.87,3.783,4.43,8,0.84,0.498,-0.155,0.64,1.459,14.057,-0.96,135.14,73.47,0.064,4.698
0.706,4.6,5,4.8,3.787,4.38,8,0.86,0.492,-0.137,0.626,1.417,13.988,-0.87,135.14,73.47,0.064,4.502
0.706,4.4,5,4.75,3.791,4.32,8,0.87,0.509,-0.064,0.61,1.359,13.679,-0.42,135.14,73.47,0.064,4.305
0.706,4.2,5,4.73,3.793,4.26,8,0.88,0.51,-0.045,0.601,1.335,13.503,-0.34,135.14,73.47,0.064,4.108
0.706,4.0,5,4.73,3.793,4.18,8,0.9,0.46,-0.155,0.602,1.363,13.313,-1.09,135.14,73.47,0.064,3.911
0.706,3.8,4,4.56,3.789,4.1,8,0.91,0.475,-0.137,0.615,1.397,13.137,-0.96,135.14,73.47,0.064,3.712
0.706,3.6,4,4.69,3.777,3.97,8,0.92,0.532,-0.083,0.661,1.5,12.845,-0.65,135.14,73.47,0.064,3.507
0.706,3.2,4,5.43,3.711,3.49,8,0.93,0.803,0.22,0.875,2.068,12.58,-0.88,135.14,73.47,0.064,2.96
0.706,2.2,3,5.58,3.697,3.02,8,0.93,0.884,0.358,0.905,2.179,11.424,-0.88,135.14,73.47,0.064,1.922
0.756,4.8,5,5.3,3.75,4.37,7,0.94,0.664,0.093,0.767,1.71,14.205,-0.36,135.14,73.47,0.064,4.115
0.756,4.5,5,5.0,3.76,4.33,7,0.99,0.633,0.061,0.725,1.606,13.989,-0.25,135.14,73.47,0.064,3.847
0.756,4.3,5,5.0,3.76,4.26,7,1.02,0.583,-0.077,0.725,1.618,13.831,-0.77,135.14,73.47,0.064,3.647
0.756,4.2,5,5.0,3.76,4.22,7,1.02,0.616,0.017,0.725,1.607,13.626,-0.39,135.14,73.47,0.064,3.547
0.756,4.6,5,5.1,3.77,4.41,6,1.03,0.607,0.053,0.688,1.536,14.146,-0.15,135.14,73.47,0.064,3.979
0.756,4.3,5,5.0,3.76,4.27,7,1.03,0.611,0.003,0.725,1.609,13.702,-0.44,135.14,73.47,0.064,3.647
0.756,4.0,4,5.1,3.75,4.08,7,1.03,0.65,0.057,0.767,1.709,13.389,-0.47,135.14,73.47,0.064,3.363
0.756,4.1,5,5.0,3.76,4.18,7,1.04,0.633,0.066,0.725,1.603,13.564,-0.23,135.14,73.47,0.064,3.447
0.756,4.2,5,5.0,3.77,4.26,6,1.08,0.588,0.005,0.688,1.538,13.583,-0.32,135.14,73.47,0.064,3.579
0.756,4.4,5,5.0,3.77,4.38,5,1.09,0.636,0.134,0.691,1.527,13.9,0.13,135.14,73.47,0.064,3.779
0.756,4.3,5,5.0,3.78,4.4,5,1.11,0.566,0.007,0.649,1.461,13.817,-0.18,135.14,73.47,0.064,3.71
0.756,3.6,4,5.1,3.76,4.0,7,1.12,0.617,0.03,0.725,1.602,13.153,-0.35,135.14,73.47,0.064,3.043
0.756,3.6,4,5.4,3.73,3.84,7,1.12,0.717,0.112,0.832,1.911,13.137,-0.75,135.14,73.47,0.064,2.869
0.756,1.0,3,6.2,3.63,2.26,7,1.12,1.214,1.076,1.341,2.99,10.498,-0.54,135.14,73.47,0.064,-0.253
0.756,3.9,5,4.8,3.78,4.21,6,1.13,0.571,0.023,0.649,1.457,13.352,-0.14,135.14,73.47,0.064,3.31
0.756,4.1,5,4.8,3.78,4.33,5,1.14,0.57,0.018,0.649,1.459,13.656,-0.15,135.14,73.47,0.064,3.51
0.756,3.7,5,4.8,3.78,4.13,6,1.15,0.567,0.014,0.649,1.458,13.057,-0.18,135.14,73.47,0.064,3.11
0.756,4.0,5,4.8,3.78,4.26,5,1.16,0.61,0.12,0.65,1.444,13.375,0.21,135.14,73.47,0.064,3.41
0.756,3.5,4,5.4,3.73,3.81,7,1.16,0.778,0.313,0.836,1.905,12.945,-0.13,135.14,73.47,0.064,2.769
0.756,3.4,4,5.2,3.75,3.87,6,1.17,0.706,0.224,0.767,1.698,12.831,0.05,135.14,73.47,0.064,2.763
0.756,3.2,4,4.8,3.79,4.0,5,1.25,0.512,-0.045,0.61,1.363,12.576,-0.39,135.14,73.47,0.064,2.715
0.756,4.6,5,4.8,3.787,4.38,8,0.86,0.484,-0.157,0.626,1.422,14.079,-1.0,135.14,73.47,0.064,4.502
0.756,4.4,5,4.75,3.791,4.32,8,0.87,0.479,-0.136,0.611,1.377,13.875,-0.87,135.14,73.47,0.064,4.305
0.756,4.2,5,4.73,3.793,4.26,8,0.88,0.473,-0.13,0.602,1.355,13.698,-0.85,135.14,73.47,0.064,4.108
0.756,4.0,5,4.73,3.793,4.18,8,0.9,0.5,-0.062,0.601,1.337,13.37,-0.43,135.14,73.47,0.064,3.911
0.756,3.6,4,4.69,3.777,3.97,8,0.92,0.545,-0.055,0.661,1.494,13.132,-0.49,135.14,73.47,0.064,3.507
0.756,3.2,4,5.43,3.711,3.49,8,0.93,0.826,0.31,0.877,2.071,12.638,-0.59,135.14,73.47,0.064,2.96
0.756,3.0,3,5.47,3.707,3.39,8,0.93,0.818,0.23,0.882,2.098,12.492,-0.98,135.14,73.47,0.064,2.748
0.756,2.4,3,5.55,3.7,3.12,8,0.93,0.83,0.182,0.9,2.15,11.804,-1.41,135.14,73.47,0.064,2.129
0.806,4.5,5,5.0,3.76,4.33,7,0.98,0.598,-0.038,0.725,1.614,14.167,-0.6,135.14,73.47,0.064,3.847
0.806,4.6,5,5.1,3.76,4.34,7,0.99,0.667,0.158,0.73,1.601,14.213,0.08,135.14,73.47,0.064,3.947
0.806,4.3,5,5.0,3.76,4.25,7,0.99,0.628,0.05,0.725,1.605,13.907,-0.29,135.14,73.47,0.064,3.647
0.806,4.6,5,5.1,3.76,4.34,6,1.0,0.655,0.122,0.725,1.602,14.22,-0.05,135.14,73.47,0.064,3.947
0.806,4.6,5,5.1,3.76,4.35,6,1.01,0.657,0.127,0.725,1.602,14.222,-0.03,135.14,73.47,0.064,3.947
0.806,4.7,5,5.3,3.76,4.42,5,1.02,0.632,0.056,0.725,1.608,14.202,-0.27,135.14,73.47,0.064,4.047
0.806,4.5,5,5.0,3.76,4.34,7,1.02,0.612,0.0,0.725,1.611,14.002,-0.45,135.14,73.47,0.064,3.847
0.806,4.2,5,5.0,3.77,4.24,7,1.04,0.576,-0.028,0.688,1.541,13.762,-0.44,135.14,73.47,0.064,3.579
0.806,3.9,4,5.4,3.71,3.84,7,1.06,0.825,0.315,0.879,2.082,13.492,-0.63,135.14,73.47,0.064,3.076
0.806,4.5,5,5.0,3.77,4.41,5,1.07,0.592,0.011,0.688,1.54,14.123,-0.29,135.14,73.47,0.064,3.879
0.806,4.5,5,5.0,3.77,4.42,4,1.08,0.625,0.101,0.689,1.532,14.075,0.03,135.14,73.47,0.064,3.879
0.806,4.4,5,5.0,3.77,4.38,5,1.08,0.599,0.031,0.688,1.538,14.025,-0.23,135.14,73.47,0.064,3.779
0.806,4.3,5,5.0,3.77,4.32,6,1.08,0.617,0.081,0.688,1.533,13.902,-0.05,135.14,73.47,0.064,3.679
0.806,4.0,5,5.0,3.77,4.19,7,1.08,0.603,0.046,0.688,1.534,13.575,-0.18,135.14,73.47,0.064,3.379
0.806,3.9,5,5.0,3.77,4.19,7,1.1,0.576,-0.024,0.688,1.54,13.577,-0.43,135.14,73.47,0.064,3.279
0.806,3.7,5,5.0,3.77,4.07,7,1.11,0.588,0.009,0.688,1.536,13.318,-0.32,135.14,73.47,0.064,3.079
0.806,4.0,5,5.0,3.77,4.21,6,1.13,0.623,0.099,0.688,1.529,13.69,0.01,135.14,73.47,0.064,3.379
0.806,3.2,3,5.8,3.68,3.44,7,1.13,1.026,0.74,0.978,2.385,12.773,-0.33,135.14,73.47,0.064,2.236
0.806,3.9,5,4.8,3.78,4.21,6,1.15,0.578,0.043,0.649,1.455,13.486,-0.06,135.14,73.47,0.064,3.31
0.806,4.0,5,4.8,3.78,4.26,5,1.16,0.549,-0.034,0.65,1.465,13.503,-0.36,135.14,73.47,0.064,3.41
0.806,3.8,5,4.8,3.78,4.2,5,1.17,0.574,0.032,0.649,1.456,13.357,-0.11,135.14,73.47,0.064,3.21
0.806,3.5,5,4.8,3.78,4.06,6,1.17,0.57,0.025,0.649,1.455,13.005,-0.14,135.14,73.47,0.064,2.91
0.806,2.8,3,5.8,3.68,3.31,7,1.18,0.994,0.616,0.969,2.374,12.299,-0.66,135.14,73.47,0.064,1.836
0.806,3.9,5,4.6,3.8,4.35,4,1.21,0.545,0.069,0.573,1.241,13.41,0.22,135.14,73.47,0.064,3.374
0.806,3.5,4,5.4,3.72,3.78,6,1.22,0.823,0.382,0.864,2.004,13.042,-0.15,135.14,73.47,0.064,2.722
0.806,3.2,4,4.8,3.79,4.0,5,1.26,0.531,0.0,0.61,1.355,12.858,-0.2,135.14,73.47,0.064,2.715
0.806,4.4,5,4.75,3.791,4.32,8,0.87,0.475,-0.144,0.611,1.379,13.903,-0.93,135.14,73.47,0.064,4.305
0.806,4.2,5,4.73,3.793,4.26,8,0.88,0.451,-0.191,0.606,1.376,13.753,-1.4,135.14,73.47,0.064,4.108
0.806,3.8,4,4.56,3.789,4.1,8,0.91,0.468,-0.159,0.617,1.404,13.43,-1.15,135.14,73.47,0.064,3.712
0.806,3.6,4,4.69,3.777,3.97,8,0.92,0.491,-0.18,0.661,1.521,13.276,-1.32,135.14,73.47,0.064,3.507
0.806,2.2,3,5.58,3.697,3.02,8,0.93,0.962,0.629,0.914,2.181,11.753,-0.16,135.14,73.47,0.064,1.922
0.806,0.7,3,5.2,3.731,2.45,8,0.64,0.689,0.088,0.826,1.893,10.366,-0.94,135.14,73.47,0.064,0.527
0.856,4.2,5,5.0,3.76,4.22,7,1.01,0.607,-0.006,0.725,1.609,14.008,-0.47,135.14,73.47,0.064,3.547
0.856,4.0,5,5.0,3.76,4.13,7,1.05,0.613,0.015,0.725,1.605,13.762,-0.4,135.14,73.47,0.064,3.347
0.856,4.0,5,5.0,3.77,4.18,7,1.06,0.602,0.042,0.688,1.534,13.797,-0.19,135.14,73.47,0.064,3.379
0.856,3.8,5,5.0,3.77,4.11,7,1.1,0.571,-0.036,0.688,1.541,13.461,-0.48,135.14,73.47,0.064,3.179
0.856,3.8,5,5.0,3.77,4.11,7,1.11,0.608,0.059,0.688,1.531,13.585,-0.13,135.14,73.47,0.064,3.179
0.856,3.7,5,4.8,3.78,4.13,6,1.15,0.574,0.033,0.649,1.455,13.476,-0.11,135.14,73.47,0.064,3.11
0.856,3.9,5,4.8,3.78,4.22,5,1.16,0.548,-0.037,0.65,1.465,13.636,-0.37,135.14,73.47,0.064,3.31
0.856,3.4,5,4.7,3.79,4.1,5,1.21,0.541,0.019,0.61,1.354,13.198,-0.1,135.14,73.47,0.064,2.842
0.856,3.6,5,4.7,3.79,4.18,5,1.24,0.575,0.096,0.61,1.341,13.395,0.21,135.14,73.47,0.064,3.042
0.856,3.1,4,4.8,3.78,3.93,5,1.28,0.584,0.07,0.649,1.447,12.925,0.01,135.14,73.47,0.064,2.591
0.856,3.3,4,5.5,3.7,3.65,5,1.29,0.937,0.597,0.911,2.161,12.967,-0.12,135.14,73.47,0.064,2.429
0.856,2.3,3,6.1,3.68,3.15,5,1.32,1.074,0.884,0.978,2.39,12.013,-0.01,135.14,73.47,0.064,1.336
0.856,2.8,4,4.8,3.78,3.84,5,1.35,0.617,0.173,0.65,1.435,12.496,0.31,135.14,73.47,0.064,2.291
0.856,3.0,4,4.8,3.79,3.98,4,1.4,0.563,0.079,0.61,1.344,12.695,0.13,135.14,73.47,0.064,2.515
0.856,4.4,5,4.75,3.791,4.32,8,0.87,0.549,0.037,0.606,1.343,14.038,0.01,135.14,73.47,0.064,4.305
0.856,4.2,5,4.73,3.793,4.26,8,0.88,0.538,0.026,0.598,1.323,13.958,-0.03,135.14,73.47,0.064,4.108
0.856,4.0,5,4.73,3.793,4.18,8,0.9,0.497,-0.071,0.601,1.339,13.825,-0.47,135.14,73.47,0.064,3.911
0.856,3.8,4,4.56,3.789,4.1,8,0.91,0.469,-0.155,0.616,1.403,13.471,-1.11,135.14,73.47,0.064,3.712
0.856,3.6,4,4.69,3.777,3.97,8,0.92,0.5,-0.153,0.661,1.516,13.251,-1.1,135.14,73.47,0.064,3.507
0.856,3.6,4,4.69,3.777,3.97,8,0.92,0.52,-0.107,0.661,1.506,13.393,-0.79,135.14,73.47,0.064,3.507
0.906,3.9,5,5.0,3.76,4.11,7,1.05,0.595,-0.032,0.725,1.61,13.827,-0.58,135.14,73.47,0.064,3.247
0.906,4.2,5,5.0,3.77,4.26,6,1.09,0.601,0.04,0.688,1.535,14.007,-0.2,135.14,73.47,0.064,3.579
0.906,3.6,4,5.4,3.74,3.88,7,1.12,0.72,0.202,0.807,1.805,13.409,-0.23,135.14,73.47,0.064,2.916
0.906,3.7,5,4.8,3.78,4.13,6,1.13,0.545,-0.04,0.649,1.465,13.564,-0.39,135.14,73.47,0.064,3.11
0.906,3.6,4,5.1,3.76,4.01,7,1.13,0.611,0.014,0.725,1.603,13.525,-0.4,135.14,73.47,0.064,3.043
0.906,3.4,4,5.1,3.76,3.93,6,1.17,0.617,0.032,0.725,1.602,13.242,-0.35,135.14,73.47,0.064,2.843
0.906,1.6,3,6.0,3.66,2.69,6,1.21,1.167,0.998,1.106,2.627,11.498,-0.24,135.14,73.47,0.064,0.542
0.906,3.0,4,4.8,3.78,3.9,5,1.31,0.591,0.091,0.649,1.446,12.87,0.08,135.14,73.47,0.064,2.491
0.906,0.5,3,6.1,3.67,2.48,4,1.7,1.154,1.024,1.035,2.503,10.389,-0.04,135.14,73.47,0.064,-0.511
0.906,4.2,5,4.73,3.793,4.26,8,0.88,0.455,-0.181,0.605,1.373,14.048,-1.3,135.14,73.47,0.064,4.108
0.906,4.0,5,4.73,3.793,4.18,8,0.9,0.468,-0.135,0.601,1.357,13.853,-0.92,135.14,73.47,0.064,3.911
0.906,3.8,4,4.56,3.789,4.1,8,0.91,0.503,-0.078,0.615,1.38,13.585,-0.54,135.14,73.47,0.064,3.712
0.906,3.6,4,4.69,3.777,3.97,8,0.92,0.573,0.016,0.661,1.483,13.518,-0.22,135.14,73.47,0.064,3.507
0.906,3.2,4,5.43,3.711,3.49,8,0.93,0.76,0.072,0.874,2.072,13.108,-1.47,135.14,73.47,0.064,2.96
0.906,2.2,3,5.58,3.697,3.02,8,0.93,0.858,0.256,0.907,2.178,12.005,-1.24,135.14,73.47,0.064,1.922
0.956,3.9,5,5.0,3.76,4.11,7,1.06,0.622,0.037,0.725,1.604,13.957,-0.33,135.14,73.47,0.064,3.247
0.956,0.5,3,6.4,3.62,1.98,7,1.12,1.247,1.074,1.413,3.148,10.454,-0.78,135.14,73.47,0.064,-0.822
0.956,3.6,3,5.6,3.69,3.65,7,1.14,0.995,0.724,0.95,2.279,13.61,-0.09,135.14,73.47,0.064,2.682
0.956,4.1,5,4.8,3.79,4.37,5,1.16,0.548,0.028,0.61,1.356,14.096,-0.03,135.14,73.47,0.064,3.542
0.956,3.6,4,5.5,3.7,3.71,7,1.17,0.887,0.437,0.903,2.158,13.499,-0.54,135.14,73.47,0.064,2.729
0.956,3.4,4,5.4,3.74,3.83,6,1.18,0.756,0.313,0.807,1.801,13.324,0.1,135.14,73.47,0.064,2.716
0.956,3.3,3,5.6,3.69,3.55,6,1.18,1.016,0.795,0.953,2.279,13.337,0.07,135.14,73.47,0.064,2.382
0.956,3.7,5,4.8,3.78,4.16,5,1.21,0.577,0.04,0.649,1.455,13.63,-0.08,135.14,73.47,0.064,3.11
0.956,3.6,4,5.4,3.71,3.77,6,1.21,0.883,0.503,0.888,2.084,13.579,-0.11,135.14,73.47,0.064,2.776
0.956,3.2,3,5.6,3.69,3.53,6,1.21,0.948,0.556,0.939,2.27,13.245,-0.51,135.14,73.47,0.064,2.282
0.956,4.0,5,4.73,3.793,4.18,8,0.9,0.466,-0.138,0.601,1.357,13.868,-0.94,135.14,73.47,0.064,3.911
0.956,3.8,4,4.56,3.789,4.1,8,0.91,0.501,-0.082,0.615,1.382,13.821,-0.57,135.14,73.47,0.064,3.712
0.956,3.6,4,4.69,3.777,3.97,8,0.92,0.538,-0.071,0.661,1.497,13.478,-0.57,135.14,73.47,0.064,3.507
0.956,3.4,4,5.34,3.719,3.61,8,0.92,0.762,0.165,0.859,2.008,13.314,-0.82,135.14,73.47,0.064,3.183
0.956,3.0,3,5.47,3.707,3.39,8,0.93,0.796,0.152,0.882,2.099,13.032,-1.29,135.14,73.47,0.064,2.748
0.956,2.2,3,5.58,3.697,3.02,8,0.93,0.865,0.287,0.905,2.179,12.085,-1.12,135.14,73.47,0.064,1.922
1.006,3.9,5,5.0,3.76,4.11,7,1.07,0.6,-0.02,0.725,1.608,13.889,-0.52,135.14,73.47,0.064,3.247
1.006,3.7,5,4.8,3.78,4.13,6,1.15,0.55,-0.028,0.649,1.463,13.754,-0.35,135.14,73.47,0.064,3.11
1.006,3.4,4,4.8,3.78,4.04,6,1.2,0.591,0.083,0.649,1.449,13.39,0.07,135.14,73.47,0.064,2.891
1.006,3.3,4,5.0,3.77,3.94,6,1.2,0.625,0.112,0.688,1.524,13.276,0.04,135.14,73.47,0.064,2.767
1.006,1.5,3,6.0,3.66,2.72,5,1.3,1.178,1.034,1.108,2.63,11.609,-0.16,135.14,73.47,0.064,0.442
1.006,0.6,3,6.1,3.67,2.4,5,1.32,1.11,0.871,1.033,2.493,10.729,-0.37,135.14,73.47,0.064,-0.411
1.006,4.0,5,4.73,3.793,4.18,8,0.9,0.484,-0.1,0.601,1.346,13.979,-0.66,135.14,73.47,0.064,3.911
1.006,3.8,4,4.56,3.789,4.1,8,0.91,0.478,-0.131,0.615,1.396,13.961,-0.92,135.14,73.47,0.064,3.712
1.006,3.6,4,4.69,3.777,3.97,8,0.92,0.543,-0.06,0.661,1.495,13.631,-0.51,135.14,73.47,0.064,3.507
1.006,3.6,4,4.69,3.777,3.97,8,0.92,0.519,-0.11,0.661,1.507,13.671,-0.82,135.14,73.47,0.064,3.507
1.056,3.7,5,5.0,3.77,4.07,7,1.1,0.599,0.038,0.688,1.533,13.934,-0.21,135.14,73.47,0.064,3.079
1.056,3.6,4,5.2,3.75,3.93,7,1.12,0.672,0.125,0.767,1.703,13.799,-0.26,135.14,73.47,0.064,2.963
1.056,3.5,5,4.8,3.78,4.06,6,1.16,0.578,0.045,0.649,1.452,13.617,-0.07,135.14,73.47,0.064,2.91
1.056,3.5,4,5.4,3.71,3.75,6,1.23,0.902,0.566,0.892,2.086,13.585,0.05,135.14,73.47,0.064,2.676
1.056,3.2,4,4.8,3.79,4.01,5,1.27,0.549,0.041,0.61,1.349,13.325,-0.02,135.14,73.47,0.064,2.715
1.056,3.8,4,4.56,3.789,4.1,8,0.91,0.554,0.046,0.614,1.36,14.035,0.0,135.14,73.47,0.064,3.712
1.056,3.6,4,4.69,3.777,3.97,8,0.92,0.517,-0.114,0.661,1.508,13.815,-0.84,135.14,73.47,0.064,3.507
1.056,1.6,3,5.69,3.687,2.73,8,0.93,0.916,0.346,0.94,2.283,11.82,-1.32,135.14,73.47,0.064,1.291
1.106,0.7,3,6.1,3.66,2.3,7,1.12,1.204,1.092,1.104,2.623,10.916,-0.14,135.14,73.47,0.064,-0.358
1.106,3.6,4,5.5,3.7,3.72,6,1.2,0.92,0.546,0.909,2.161,13.782,-0.26,135.14,73.47,0.064,2.729
1.106,1.9,3,6.2,3.67,2.92,5,1.3,1.189,1.17,1.058,2.523,12.237,0.3,135.14,73.47,0.064,0.889
1.106,2.8,3,5.8,3.69,3.41,5,1.36,0.998,0.715,0.945,2.274,13.075,-0.12,135.14,73.47,0.064,1.882
1.106,3.0,4,5.4,3.72,3.65,5,1.39,0.822,0.379,0.864,2.001,13.252,-0.16,135.14,73.47,0.064,2.222
1.106,3.8,4,4.56,3.789,4.1,8,0.91,0.467,-0.16,0.617,1.404,14.022,-1.16,135.14,73.47,0.064,3.712
1.106,3.6,4,4.69,3.777,3.97,8,0.92,0.553,-0.035,0.661,1.491,13.817,-0.41,135.14,73.47,0.064,3.507
1.106,3.4,4,5.34,3.719,3.61,8,0.92,0.776,0.219,0.859,2.008,13.689,-0.64,135.14,73.47,0.064,3.183
1.106,2.8,3,5.5,3.704,3.3,8,0.93,0.869,0.38,0.893,2.124,13.162,-0.59,135.14,73.47,0.064,2.541
1.106,2.2,3,5.58,3.697,3.02,8,0.93,0.871,0.313,0.903,2.179,12.574,-1.02,135.14,73.47,0.064,1.922
1.106,0.6,3,5.58,3.697,2.32,8,0.78,0.927,0.474,0.916,2.17,10.878,-0.62,135.14,73.47,0.064,0.337
1.156,3.8,4,5.4,3.73,3.9,7,1.06,0.783,0.329,0.837,1.906,14.229,-0.09,135.14,73.47,0.064,3.069
1.156,3.3,4,4.8,3.78,4.02,5,1.3,0.543,-0.044,0.649,1.465,13.606,-0.42,135.14,73.47,0.064,2.791
1.156,3.6,4,4.69,3.777,3.97,8,0.92,0.511,-0.126,0.661,1.511,14.011,-0.91,135.14,73.47,0.064,3.507
1.156,3.4,4,5.34,3.719,3.61,8,0.92,0.745,0.104,0.859,2.008,13.819,-1.03,135.14,73.47,0.064,3.183
1.156,3.2,4,5.43,3.711,3.49,8,0.93,0.811,0.251,0.876,2.069,13.618,-0.79,135.14,73.47,0.064,2.96
1.206,3.2,4,4.8,3.79,4.0,5,1.25,0.57,0.098,0.61,1.338,13.683,0.19,135.14,73.47,0.064,2.715
1.206,1.1,3,6.0,3.65,2.5,5,1.34,1.232,1.143,1.182,2.755,11.545,-0.14,135.14,73.47,0.064,-0.015
1.206,3.6,4,4.69,3.777,3.97,8,0.92,0.515,-0.117,0.661,1.508,14.093,-0.86,135.14,73.47,0.064,3.507
1.206,3.2,4,5.43,3.711,3.49,8,0.93,0.766,0.094,0.874,2.071,13.745,-1.38,135.14,73.47,0.064,2.96
1.206,1.6,3,5.69,3.687,2.73,8,0.93,0.934,0.422,0.937,2.285,12.019,-1.04,135.14,73.47,0.064,1.291
1.206,-1.2,3,6.68,3.602,1.04,8,0.93,1.395,1.255,1.565,3.467,9.296,-1.23,135.14,73.47,0.064,-2.092
1.206,0.6,3,5.54,3.701,2.33,8,0.74,0.921,0.491,0.906,2.132,11.152,-0.46,135.14,73.47,0.064,0.375
1.206,3.4,4,4.63,3.782,3.85,9,0.81,0.472,-0.18,0.643,1.475,13.809,-1.42,135.14,73.47,0.064,3.299
1.255,3.5,5,4.7,3.79,4.12,5,1.2,0.532,-0.003,0.61,1.357,14.064,-0.19,135.14,73.47,0.064,2.942
1.255,2.9,4,5.4,3.74,3.71,5,1.36,0.74,0.271,0.807,1.801,13.468,-0.02,135.14,73.47,0.064,2.216
1.255,2.6,3,5.53,3.702,3.21,8,0.93,0.832,0.222,0.893,2.135,13.194,-1.19,135.14,73.47,0.064,2.335
1.255,2.4,3,5.55,3.7,3.12,8,0.93,0.853,0.279,0.895,2.149,12.888,-1.03,135.14,73.47,0.064,2.129
1.255,2.2,3,5.58,3.697,3.02,8,0.93,0.899,0.407,0.909,2.18,12.669,-0.72,135.14,73.47,0.064,1.922
1.255,0.6,3,5.95,3.665,2.2,8,0.93,1.055,0.555,1.057,2.53,11.228,-1.43,135.14,73.47,0.064,0.2
1.305,3.7,4,5.5,3.7,3.73,7,1.12,0.906,0.502,0.907,2.16,14.277,-0.37,135.14,73.47,0.064,2.829
1.305,3.4,4,5.0,3.77,3.97,6,1.18,0.608,0.065,0.688,1.528,13.988,-0.12,135.14,73.47,0.064,2.867
1.305,3.2,4,5.43,3.711,3.49,8,0.93,0.816,0.271,0.876,2.07,13.75,-0.72,135.14,73.47,0.064,2.96
1.355,2.5,3,6.2,3.67,3.11,7,1.13,1.057,0.739,1.031,2.494,13.315,-0.57,135.14,73.47,0.064,1.489
1.355,3.4,4,5.4,3.73,3.8,6,1.22,0.784,0.332,0.837,1.905,14.178,-0.08,135.14,73.47,0.064,2.669
1.355,3.0,3,5.47,3.707,3.39,8,0.93,0.837,0.3,0.885,2.1,13.708,-0.75,135.14,73.47,0.064,2.748
1.405,3.4,4,5.34,3.719,3.61,8,0.92,0.768,0.187,0.859,2.008,14.266,-0.74,135.14,73.47,0.064,3.183
1.455,3.4,4,5.34,3.719,3.61,8,0.92,0.768,0.188,0.859,2.008,14.182,-0.74,135.14,73.47,0.064,3.183
1.455,3.0,3,5.47,3.707,3.39,8,0.93,0.831,0.28,0.884,2.099,13.852,-0.82,135.14,73.47,0.064,2.748
1.455,0.6,3,5.54,3.701,2.33,8,0.74,0.875,0.342,0.903,2.132,11.558,-0.88,135.14,73.47,0.064,0.375
1.505,3.4,4,5.34,3.719,3.61,8,0.92,0.727,0.048,0.859,2.012,14.276,-1.28,135.14,73.47,0.064,3.183
1.505,3.0,3,5.47,3.707,3.39,8,0.93,0.866,0.407,0.889,2.102,13.983,-0.43,135.14,73.47,0.064,2.748
1.555,1.0,3,5.84,3.675,2.42,8,0.93,1.047,0.697,0.992,2.424,12.072,-0.66,135.14,73.47,0.064,0.644
1.605,3.0,3,5.47,3.707,3.39,8,0.93,0.891,0.488,0.892,2.102,14.002,-0.23,135.14,73.47,0.064,2.748
1.605,1.8,3,5.65,3.691,2.83,8,0.93,0.885,0.279,0.928,2.241,12.915,-1.41,135.14,73.47,0.064,1.502
1.655,2.4,3,5.55,3.7,3.12,8,0.93,0.845,0.244,0.897,2.15,13.579,-1.17,135.14,73.47,0.064,2.129
1.705,2.8,3,5.5,3.704,3.3,8,0.93,0.843,0.289,0.889,2.121,14.048,-0.88,135.14,73.47,0.064,2.541
1.705,2.2,3,5.58,3.697,3.02,8,0.93,0.864,0.284,0.905,2.179,13.496,-1.13,135.14,73.47,0.064,1.922
1.705,0.7,1,4.0,3.841,2.91,8,0.6,0.299,0.04,0.382,0.828,11.985,-1.04,135.14,73.47,0.064,0.675
1.705,0.7,3,5.2,3.731,2.45,8,0.64,0.719,0.161,0.831,1.885,11.882,-0.67,135.14,73.47,0.064,0.527
1.705,0.6,3,5.47,3.707,2.35,8,0.7,0.855,0.345,0.891,2.088,11.74,-0.71,135.14,73.47,0.064,0.422
1.805,2.6,3,5.53,3.702,3.21,8,0.93,0.887,0.42,0.899,2.138,13.904,-0.53,135.14,73.47,0.064,2.335
1.905,2.8,3,5.5,3.704,3.3,8,0.93,0.832,0.25,0.887,2.12,14.165,-1.0,135.14,73.47,0.064,2.541
1.905,0.4,3,6.02,3.659,2.09,8,0.93,1.143,0.85,1.1,2.612,11.829,-0.72,135.14,73.47,0.064,-0.026
2.005,2.0,3,5.62,3.694,2.93,8,0.93,0.888,0.337,0.914,2.21,13.606,-1.06,135.14,73.47,0.064,1.713
2.055,0.7,3,4.93,3.755,2.55,8,0.62,0.611,0.063,0.745,1.639,12.302,-0.55,135.14,73.47,0.064,0.587
2.105,1.6,3,5.69,3.687,2.73,8,0.93,0.938,0.439,0.937,2.285,13.223,-0.98,135.14,73.47,0.064,1.291
2.205,0.6,3,5.95,3.665,2.2,8,0.93,1.091,0.728,1.055,2.539,12.409,-0.87,135.14,73.47,0.064,0.2
2.205,0.2,3,6.08,3.654,1.98,8,0.93,1.198,0.994,1.142,2.678,12.069,-0.5,135.14,73.47,0.064,-0.256
2.255,1.6,3,5.69,3.687,2.73,8,0.93,0.926,0.389,0.938,2.284,13.47,-1.16,135.14,73.47,0.064,1.291
2.305,1.8,3,5.65,3.691,2.83,8,0.93,0.91,0.381,0.924,2.242,13.773,-1.02,135.14,73.47,0.064,1.502
2.455,0.8,3,5.9,3.67,2.31,8,0.93,1.072,0.727,1.025,2.483,12.801,-0.73,135.14,73.47,0.064,0.422
2.455,-0.8,3,6.47,3.62,1.35,8,0.93,1.281,1.061,1.407,3.139,11.22,-1.19,135.14,73.47,0.064,-1.503
2.505,-1.4,3,6.81,3.592,0.86,8,0.93,1.508,1.625,1.757,3.756,10.727,-0.58,135.14,73.47,0.064,-2.429
2.555,-1.0,3,6.57,3.612,1.2,8,0.93,1.355,1.299,1.485,3.296,11.192,-0.79,135.14,73.47,0.064,-1.786
2.705,0.5,1,4.11,3.831,2.84,9,0.68,0.317,-0.01,0.432,0.928,12.777,-1.75,135.14,73.47,0.064,0.46
2.755,0.6,3,5.95,3.665,2.2,8,0.93,1.102,0.772,1.059,2.541,12.829,-0.75,135.14,73.47,0.064,0.2
2.855,-0.6,3,6.38,3.628,1.49,8,0.93,1.234,1.023,1.33,2.994,11.816,-1.0,135.14,73.47,0.064,-1.234
2.855,0.7,3,5.2,3.731,2.45,8,0.64,0.761,0.268,0.834,1.879,13.13,-0.34,135.14,73.47,0.064,0.527
2.955,0.6,3,5.62,3.694,2.32,8,0.82,0.889,0.321,0.923,2.206,12.974,-1.2,135.14,73.47,0.064,0.305
3.055,0.6,3,5.58,3.697,2.32,8,0.78,0.954,0.56,0.917,2.172,13.096,-0.4,135.14,73.47,0.064,0.337
3.155,1.8,3,5.65,3.691,2.83,8,0.93,0.972,0.602,0.935,2.247,14.306,-0.4,135.14,73.47,0.064,1.502
3.155,1.4,3,5.74,3.684,2.63,8,0.93,0.954,0.459,0.946,2.317,13.875,-1.03,135.14,73.47,0.064,1.078
3.305,0.6,3,5.54,3.701,2.33,8,0.74,0.883,0.367,0.903,2.132,13.184,-0.8,135.14,73.47,0.064,0.375
3.305,0.8,3,5.52,3.702,2.44,9,0.82,0.744,0.023,0.909,2.146,13.493,-2.54,135.14,73.47,0.064,0.555
3.355,1.4,3,5.74,3.684,2.63,8,0.93,1.05,0.799,0.961,2.331,14.102,-0.17,135.14,73.47,0.064,1.078
3.405,0.7,3,5.32,3.72,2.39,8,0.66,0.786,0.262,0.865,1.988,13.487,-0.57,135.14,73.47,0.064,0.485
3.405,0.6,3,5.47,3.707,2.35,8,0.7,0.84,0.299,0.889,2.089,13.395,-0.85,135.14,73.47,0.064,0.422
3.505,1.6,3,5.69,3.687,2.73,8,0.93,0.973,0.563,0.947,2.289,14.38,-0.62,135.14,73.47,0.064,1.291
3.505,-0.4,3,6.3,3.635,1.62,8,0.93,1.259,1.165,1.302,2.917,12.419,-0.52,135.14,73.47,0.064,-0.977
3.705,1.0,3,5.84,3.675,2.42,8,0.93,1.083,0.827,0.998,2.43,13.85,-0.36,135.14,73.47,0.064,0.644
3.705,0.5,1,4.11,3.831,2.84,9,0.68,0.316,-0.017,0.432,0.931,13.398,-1.93,135.14,73.47,0.064,0.46
3.805,0.4,3,5.6,3.696,2.25,9,0.82,0.796,0.101,0.927,2.195,13.364,-2.34,135.14,73.47,0.064,0.135
3.855,-2.4,3,6.52,3.616,0.6,9,0.82,1.444,1.134,1.567,3.29,10.648,-2.05,135.14,73.47,0.064,-3.184
4.155,0.6,3,5.62,3.694,2.32,8,0.82,0.918,0.416,0.922,2.204,13.671,-0.88,135.14,73.47,0.064,0.305
4.305,0.8,3,5.9,3.67,2.31,8,0.93,1.108,0.858,1.033,2.49,14.076,-0.41,135.14,73.47,0.064,0.422
5.305,0.6,3,5.58,3.697,2.32,8,0.78,0.867,0.278,0.914,2.174,14.365,-1.23,135.14,73.47,0.064,0.337
5.305,-1.0,3,5.95,3.665,1.52,9,0.82,1.107,0.694,1.066,2.536,12.728,-1.21,135.14,73.47,0.064,-1.382
5.805,0.4,3,5.19,3.732,2.42,9,0.82,0.587,-0.104,0.831,1.906,14.191,-2.55,135.14,73.47,0.064,0.2
10.755,-2.4,3,6.52,3.616,0.6,9,0.82,1.423,1.466,1.477,3.241,12.827,-0.79,135.14,73.47,0.064,-3.184
11.305,-1.2,3,6.01,3.66,1.41,9,0.82,1.16,0.826,1.098,2.598,14.102,-1.0,135.14,73.47,0.064,-1.61
11.555,-1.0,3,5.95,3.665,1.52,9,0.82,1.091,0.614,1.071,2.533,14.282,-1.49,135.14,73.47,0.064,-1.382
12.855,-1.4,3,6.08,3.654,1.29,9,0.82,1.191,0.797,1.15,2.667,14.203,-1.38,135.14,73.47,0.064,-1.845
22.955,-2.0,3,6.32,3.634,0.91,9,0.82,1.291,0.923,1.365,2.949,14.814,-1.89,135.14,73.47,0.064,-2.6
